ingredient,image,introduction,instruction,title,id
"['쪽파', '곱창김', '김무침', '참치액', '맛 국간장', '원당', '매실청', '통깨', '참기름', '홍고추다짐']",,매콤하고 새콤한 맛으로 밥도둑이라 불리는 쪽파김무침 레시피입니다. 쪽파와 김의 조합은 늘 옳습니다.,"['1. 쪽파를 깨끗이 씻어 적당한 길이로 자른다.', '2. 곱창김을 잘게 부순다.', '3. 쪽파, 김, 김무침, 참치액, 맛 국간장, 원당, 매실청, 통깨, 참기름, 홍고추다짐을 넣고 잘 버무린다.']",쪽파김무침,7031563
"['돼지고기다짐육', '바질', '양파', '설탕', '노추', '깐마늘', '다진생강', '소주', '크러쉬드 레드페퍼홀', '썬파', '굴소스', '느억맘소스']",,태국식 돼지고기 볶음인 팟카피오무쌉 레시피입니다. 바질 향이 가득한 매콤한 돼지고기 볶음으로 밥과 함께 즐기면 더욱 맛있습니다.,"['1. 바질을 씻어 준비한다. (바질이 없으면 시금치로 대체 가능)', '2. 깐마늘을 다지지 않고 입자가 있게 썰어 준비한다.', '3. 돼지고기 다짐육을 준비한다.', '4. 달궈진 팬에 파기름을 두르고, 마늘, 썬파, 크러쉬드레드페퍼홀을 넣어 볶는다.', '5. 돼지고기다짐육을 넣고 뭉쳐지지 않도록 으깨면서 볶는다.', '6. 잡내 제거를 위해 소주를 넣고 볶는다.', '7. 재료들을 한쪽으로 민 다음 팬 가장자리에 설탕을 넣어 녹이고 재료들과 함께 섞어 볶는다.', '8. 다시 한번 재료들을 한쪽으로 민 후, 가장자리에 노추를 넣어 끓인 후 모든 재료들과 함께 볶는다.', '9. 돼지고기에 굵직하게 다진 양파를 넣고 볶는다.', '10. 양파와 돼지고기가 섞이면 바질을 넣고 볶는다.', '11. 굴소스와 느억맘소스를 넣고 볶는다.', '12. 센불에서 졸아들도록 볶는다.', '13. 팟카피오무쌉 완성.', '14. 계란후라이를 부친다.', '15. 밥 위에 팟카피오무쌉을 듬뿍 담고, 계란후라이를 올린다.', '16. 다진쪽파를 뿌려 팟카피오무쌉 덮밥 완성.']",팟카피오무쌉,7031562
"['사각어묵', '소면', '대파', '참치액', '물', '후추']",,사각어묵을 면처럼 썰어 끓여낸 시원하고 간단한 어묵국수 레시피입니다. 멸치 육수 없이 참치액으로 깊은 국물 맛을 낼 수 있습니다.,"['1. 사각어묵을 얇고 길게 썰어 뜨거운 물에 헹궈 기름기를 제거한다.', '2. 대파를 4cm 길이로 썬다.', '3. 냄비에 물을 넣고 끓인 후 대파를 넣고 끓인다.', '4. 물이 끓으면 참치액을 넣는다.', '5. 끓는 물에 어묵을 넣는다.', '6. 후추를 넣는다.', '7. 어묵이 불어오르면 소면을 삶는다.', '8. 삶은 소면을 찬물에 헹궈 물기를 제거한다.', '9. 뜨거운 국물에 소면을 넣어 토렴한다.', '10. 면기에 소면, 어묵, 대파, 국물을 담아 어묵국수 완성.']",어묵국수,7031561
"['가래떡', '대파', '고추장', '설탕', '굵은고춧가루', '올리고당', '물']",,5분 만에 완성할 수 있는 간편한 가래떡 조림 레시피입니다. 매콤달콤한 맛으로 간식으로도 좋습니다.,"['1. 가래떡을 먹기 좋은 크기로 자른다.', '2. 대파를 송송 썬다.', '3. 팬에 고추장, 설탕, 굵은 고춧가루, 올리고당, 물을 넣고 끓인다.', '4. 양념이 끓어오르면 가래떡을 넣고 졸인다.', '5. 마지막에 대파를 넣어 가래떡조림 완성.']",가래떡조림,7031560
"['스팸', '단무지', '조미김', '밥', '계란', '소금', '참기름', '통깨']",,"든든하고 맛있는 스팸계란김밥 레시피입니다. 간단하게 만들어 먹기 좋은 김밥으로, 아이들 간식으로도 좋습니다.","['1. 스팸을 뜨거운 물에 헹궈 썰어 준비한다.', '2. 계란에 참기름, 소금을 넣고 풀어 준비한다.', '3. 밥에 참기름, 소금을 넣고 섞는다.', '4. 김 위에 밥을 깔고 스팸, 단무지를 올려 꾹꾹 눌러 김밥을 만든다.', '5. 김밥을 반으로 자른다.', '6. 계란물에 김밥을 담가 골고루 묻힌다.', '7. 팬에 기름을 두르고 계란김밥을 앞뒤로 노릇노릇하게 익힌다.']",스팸계란김밥,7031559
"['가지', '월남쌈', '소금', '굴소스', '토마토소스', '고춧가루', '물', '양파', '마늘']",,라이스 페이퍼로 가지를 감싸 튀겨낸 바삭하고 맛있는 가지튀김 레시피입니다. 매콤달콤한 소스와 함께 즐기면 더욱 맛있습니다.,"['1. 가지를 3등분해서 세로로 반을 잘라 3등분 한다.', '2. 라이스페이퍼를 반으로 자른다.', '3. 가지에 소금을 뿌린다.', '4. 가지를 라이스페이퍼로 감싼다.', '5. 기름을 두르고 라이스페이퍼 가지를 튀긴다.', '6. 마늘과 양파를 다진다.', '7. 다진 마늘, 양파, 굴소스, 토마토소스, 고춧가루, 물을 넣고 소스를 만든다.', '8. 튀긴 가지튀김에 소스를 곁들여 완성한다.']",라이스 페이퍼 가지튀김,7031558
"['그릭요거트', '딜', '레몬', '마늘', '소금', '후추']",,그리스 요리인 차지키 소스를 곁들인 깜빠뉴 레시피입니다. 상큼하고 신선한 맛으로 맥주 안주로도 좋습니다.,"['1. 다다기오이를 얇게 썰고 4등분하여 소금에 절인다.', '2. 20분 후, 오이를 물기를 짜낸다.', '3. 오이, 그릭요거트, 레몬 제스트, 레몬즙, 잘게 썬 딜, 다진 마늘을 넣고 섞는다.', '4. 소금과 후추로 간을 맞춘다.']",차지키깜빠뉴,7031557
"['감자', '양파', '풋고추', '식용유', '고추장', '다진마늘', '맛술', '고춧가루', '물', '진간장', '올리고당', '참기름', '깨']",,부서지지 않고 맛있게 감자조림을 만드는 레시피입니다. 매콤달콤한 양념이 감자에 잘 배어 밥도둑입니다.,"['1. 감자를 껍질을 벗겨 먹기 좋은 크기로 썰어 찬물에 30분간 담가 전분기를 빼준다.', '2. 양파와 풋고추를 썰어 준비한다.', '3. 팬에 식용유를 두르고 감자를 볶는다.', '4. 감자가 어느 정도 익으면 양파와 풋고추를 넣고 볶는다.', '5. 다진마늘, 맛술, 고추장, 고춧가루를 넣고 볶는다.', '6. 물, 진간장, 올리고당을 넣고 졸인다.', '7. 감자가 익으면 참기름과 깨를 넣어 고추장 감자조림 완성.']",고추장 감자조림,7031556
"['감자', '소고기', '대파', '마늘', '소금', '후추']",,소고기와 감자를 넣고 끓여낸 시원하고 구수한 소고기 감자국 레시피입니다. 든든한 한 끼 식사로 좋습니다.,"['1. 소고기를 삶아 준비한다.', '2. 감자를 깍둑썰기 한다.', '3. 냄비에 감자와 소고기 육수를 넣고 끓인다.', '4. 감자가 익으면 소금으로 간을 한다.', '5. 후추, 마늘, 대파를 넣고 끓인다.', '6. 소고기 감자국 완성.']",소고기 감자국,7031555
"['전복', '새우', '관자', '오징어', '죽순', '표고버섯', '새송이버섯', '양파', '청경채', '마늘', '생강', '식용류', '양조간장', '참치액젓', '굴소스', '치킨스톡', '채수우린 물', '후추가루', '참기름', '녹말', '녹말풀 물']",,고급 중식 요리인 전가복 레시피입니다. 다양한 해산물과 채소를 넣어 푸짐하고 영양 가득한 요리입니다.,"['1. 전복, 새우, 관자, 오징어, 죽순, 표고버섯, 새송이버섯을 끓는 물에 데쳐 준비한다.', '2. 팬에 식용유를 두르고 마늘과 생강을 볶는다.', '3. 데친 해산물과 채소를 넣고 볶는다.', '4. 양조간장, 참치액젓, 굴소스, 치킨스톡, 채수우린 물, 후추가루, 참기름을 넣고 끓인다.', '5. 청경채와 양파를 넣고 볶는다.', '6. 녹말물을 넣어 농도를 조절한다.', '7. 전가복 완성.']",전가복,7031554
"['콩나물', '물', '멸치다시마육수', '다진마늘', '국간장', '굵은소금', '다진파', '청양고추', '깨']",,시원하고 개운한 맛으로 더위를 날려줄 콩나물냉국의 레시피입니다. 멸치 다시마 육수를 사용하여 더욱 풍부한 국물 맛을 느낄 수 있습니다.,"['1. 콩나물을 깨끗이 씻고 물기를 제거한다.', '2. 냄비에 물과 멸치다시마육수를 넣고 끓인 후 콩나물을 넣어 5분간 끓인다.', '3. 다진마늘, 국간장, 굵은소금, 다진파, 청양고추를 넣고 한번 끓인다.', '4. 콩나물 건더기를 건져 용기에 담아 냉장 보관하고 국물은 식혀 따로 보관한다.', '5. 먹을 때 국물과 건더기를 섞어 깨를 뿌려 먹는다.']",콩나물냉국,7031553
"['마', '알배추', '무', '단호박', '소금', '액젓', '설탕']",,마의 끈적한 뮤신과 단호박의 달콤함이 조화를 이루는 마 물김치 레시피입니다. 위장 건강에 도움이 되는 보양식 김치입니다.,"['1. 배추와 무를 썰어 소금과 액젓에 절인다.', '2. 마를 필러로 깎아 전자레인지에 살짝 익힌다.', '3. 단호박도 전자레인지에 익힌다.', '4. 익힌 마를 썰어 일부는 단호박과 함께 믹서에 갈아준다.', '5. 물, 갈은 마와 호박, 소금, 설탕을 섞어 국물을 만든다.', '6. 국물에 절인 배추, 무, 액젓, 남은 마를 넣고 버무린다.']",마 물김치,7031552
"['닭다리살', '맛술', '소금', '후춧가루', '고추장', '간장', '굴소스', '케첩', '고춧가루', '소고기 다시다', '다진마늘', '물엿', '설탕', '매운 고추', '밀떡', '잔파']",,매콤한 닭고기와 쫄깃한 밀떡의 조합이 환상적인 매운 닭떡볶이 레시피입니다. 밥과 술을 모두 사로잡는 중독성 있는 맛을 자랑합니다.,"['1. 고추장, 간장, 굴소스, 케첩, 고춧가루, 소고기 다시다, 후춧가루, 다진마늘, 물엿, 설탕, 맛술, 물, 매운고추를 섞어 양념을 만든다.', '2. 닭다리살에 맛술, 소금, 후춧가루를 넣고 밑간하여 냉장 보관한다.', '3. 팬에 식용유를 두르고 잔파와 밀떡을 볶는다.', '4. 다른 팬에 식용유를 두르고 닭고기를 볶다가 양념을 넣고 함께 볶는다.', '5. 볶은 밀떡을 넣고 닭고기와 섞어 볶는다.', '6. 그릇에 담아 통깨를 뿌려 완성한다.']",매운 닭떡볶이,7031551
"['새송이버섯', '소금', '올리브유', '양조간장', '고춧가루', '올리고당', '황설탕', '매실청', '후추', '깨소금', '참기름']",,에어프라이어를 활용하여 간단하게 만들 수 있는 새송이버섯무침 레시피입니다. 겉은 바삭하고 속은 촉촉한 새송이버섯의 식감을 즐길 수 있습니다.,"['1. 새송이버섯을 밑둥을 제거하고 길게 반으로 자른다.', '2. 에어프라이어에 새송이버섯을 올리고 소금과 올리브유를 뿌린 후 170도에서 12분간 굽는다.', '3. 구운 새송이버섯을 식힌 후 손으로 찢는다.', '4. 양조간장, 고춧가루, 올리고당, 황설탕, 매실청, 후추, 깨소금, 참기름을 섞어 양념장을 만든다.', '5. 찢은 새송이버섯에 양념장을 넣고 버무린다.']",새송이버섯무침,7031550
"['쌀', '콩나물', '돼지고기다짐육', '다시마물', '간장', '다진생강', '맛술', '후추', '다진 청양고추', '다진 파', '참기름', '깨소금']",,"전기밥솥을 이용하여 간편하게 만들 수 있는 돼지고기 콩나물밥 레시피입니다. 콩나물과 돼지고기의 조화가 일품이며, 콩나물밥 양념장을 곁들여 더욱 풍성하게 즐길 수 있습니다.","['1. 쌀을 씻어 물에 불린다.', '2. 돼지고기에 간장, 다진생강, 맛술, 후추를 넣고 밑간한다.', '3. 전기밥솥에 불린 쌀, 밑간한 돼지고기, 다시마물, 콩나물을 넣고 취사한다.', '4. 청양고추, 다진 파, 간장, 맛술, 고춧가루, 다진마늘, 참기름, 깨소금을 섞어 양념장을 만든다.', '5. 완성된 콩나물밥에 양념장을 넣고 비벼 먹는다.']",돼지고기 콩나물밥,7031549
"['두부', '소금', '김치', '삼겹살', '고춧가루', '설탕', '식용유', '참기름', '물', '통깨']",,얼린 두부를 사용하여 쫄깃한 식감을 더한 두부김치 레시피입니다. 김치와 삼겹살을 함께 볶아 더욱 풍성한 맛을 즐길 수 있습니다.,"['1. 얼린 두부를 해동하고 먹기 좋은 크기로 썰어 소금으로 밑간 후 팬에 노릇하게 굽는다.', '2. 김치를 먹기 좋은 크기로 썬다.', '3. 팬에 식용유와 참기름을 넣고 김치와 삼겹살을 함께 볶는다.', '4. 고춧가루와 설탕을 넣고 물을 부어 끓인다.', '5. 구운 두부 위에 볶은 김치를 올리고 통깨를 뿌려 완성한다.']",두부김치,7031548
"['토종닭', '통마늘', '대파', '소금', '통후추', '당근', '오이', '새우', '계란', '진간장', '연겨자', '설탕', '식초', '닭 육수', '다진 마늘', 'MSG']",,닭 육수를 사용하여 시원하고 매콤한 맛을 즐길 수 있는 초계국수 레시피입니다. 닭고기와 채소를 곁들여 더욱 풍성하게 즐길 수 있습니다.,"['1. 닭을 깨끗이 씻고 냄비에 넣어 통마늘, 대파, 소금, 통후추를 넣고 물을 부어 1시간 끓인다.', '2. 닭고기를 건져 잘게 찢고 소금, 후추로 밑간한다.', '3. 당근을 얇게 채 썰고 오이를 어슷하게 썰어 소금, 설탕에 절인다.', '4. 계란 흰자와 노른자를 분리하여 지단을 부쳐 썰어둔다.', '5. 닭 육수를 냉장 보관하여 기름을 제거한다.', '6. 진간장, 연겨자, 설탕, 식초를 섞어 겨자소스를 만든다.', '7. 겨자소스, 닭 육수, 소금, 다진 마늘, MSG를 섞어 육수를 만든다.', '8. 삶은 소면을 찬물에 헹궈 그릇에 담는다.', '9. 육수를 부어 닭고기, 당근, 오이, 지단을 올려 완성한다.']",초계국수,7031547
"['감자', '양파', '대파', '청양고추', '스팸', '물', '고추장', '된장', '다진마늘', '고춧가루', '국간장', '설탕']",,스팸과 감자를 넣고 끓여 든든한 한 끼 식사를 해결할 수 있는 스팸감자짜글이 레시피입니다. 간단하지만 깊은 맛을 자랑하는 찌개입니다.,"['1. 감자, 양파, 대파, 청양고추를 썰고 스팸을 으깬다.', '2. 냄비에 감자, 스팸, 양파를 넣고 물을 부은 후 고추장, 된장, 다진마늘, 고춧가루, 국간장, 설탕을 넣고 끓인다.', '3. 끓으면 대파와 청양고추를 넣고 감자가 익을 때까지 끓인다.']",스팸감자짜글이,7031546
"['두부', '계란', '소금', '대파', '식용유']",,부드러운 두부와 고소한 계란의 조합이 훌륭한 두부계란부침 레시피입니다. 간단하게 만들어 든든한 식사 또는 술안주로 즐길 수 있습니다.,"['1. 두부를 납작하게 썬다.', '2. 두부에 소금을 뿌려 15분 정도 절인다.', '3. 계란에 소금을 넣고 풀어준 후 대파를 썰어 넣고 섞는다.', '4. 계란물에 두부를 넣고 버무린다.', '5. 팬에 식용유를 두르고 두부를 앞뒤로 노릇하게 굽는다.']",두부계란부침,7031545
"['돼지고기', '신 김치', '양파', '대파', '팽이버섯', '두부', '청양고추', '물', '다진 마늘', '고춧가루', '국간장', '올리고당']",,백종원 레시피를 참고하여 깊은 맛을 낸 돼지고기 김치찌개 레시피입니다. 돼지고기를 푹 끓여 부드럽고 감칠맛 나는 찌개를 즐길 수 있습니다.,"['1. 돼지고기를 찬물에 담가 핏기를 제거한다.', '2. 양파, 대파, 팽이버섯을 썰어 준비한다.', '3. 냄비에 돼지고기를 넣고 물을 부어 끓인 후 중불로 10~15분 이상 끓인다.', '4. 김치, 고춧가루, 다진 마늘, 올리고당, 국간장을 넣고 김치가 푹 익을 때까지 끓인다.', '5. 양파, 대파, 팽이버섯, 두부, 청양고추를 넣고 더 끓인다.']",돼지고기 김치찌개,7031544
"['애호박', '가지', '토마토', '새송이버섯', '양파', '버터', '모짜렐라피자치즈', '토마토퓨레', '올리브오일', '파르미지아노레지아노 치즈', '이탈리안 허브믹스', '소금', '후추', '파슬리', '치킨스톡']",,다이어트에도 좋은 라따뚜이 레시피입니다. 다양한 채소를 한꺼번에 즐길 수 있어 건강에도 좋습니다.,"['1. 가지, 애호박, 토마토를 채 썰고, 양파와 새송이버섯을 다져줍니다.', '2. 팬에 버터를 녹이고 다진 양파, 버섯, 애호박, 가지를 볶다가 소금, 후추를 넣어 간을 합니다.', '3. 다진 토마토와 토마토 퓨레를 넣고 이탈리안 허브믹스, 파슬리, 치킨스톡을 넣어 끓여줍니다.', '4. 모짜렐라 피자치즈를 뿌리고 채 썬 가지, 애호박, 토마토를 올려 소금, 올리브유를 뿌립니다.', '5. 180도 오븐에 20분간 구워 파르미지아노 레지아노 치즈를 뿌려 마무리합니다.']",라따뚜이,7031543
"['바나나', '우유', '견과류']",,"바나나와 견과류의 조합으로 영양 만점, 든든한 바나나주스 레시피입니다.","['1. 바나나를 썰어줍니다.', '2. 블렌더에 바나나, 견과류, 우유를 넣고 갈아줍니다.']",견과류 바나나주스,7031542
"['식빵', '달걀', '우유', '딸기잼', '햄', '치즈', '버터']",,"베니건스 스타일의 몬테크리스토 샌드위치 레시피입니다. 달콤한 딸기잼과 짭짤한 햄, 치즈의 조화가 일품입니다.","['1. 식빵 테두리를 자르고 딸기잼을 바릅니다.', '2. 햄, 치즈를 올리고 식빵으로 덮어 다시 딸기잼을 바릅니다.', '3. 햄, 치즈를 올리고 덮은 후 계란물에 적셔 노릇하게 구워줍니다.', '4. 버터를 넣고 끼얹어가며 마무리합니다.']",몬테크리스토 샌드위치,7031541
"['순대', '양파', '대파', '양배추', '부추', '식용유', '소금', '설탕', '간장', '고추장', '고춧가루', '물', '후추', '참기름', '깨']",,류수영 셰프의 순대볶음 레시피입니다. 카라멜라이징된 야채와 매콤한 양념이 어우러져 술안주로도 최고입니다.,"['1. 순대를 썰고 양파, 대파, 양배추, 부추를 썰어줍니다.', '2. 팬에 양파와 대파를 넣고 노릇하게 볶아줍니다.', '3. 식용유를 두르고 소금, 설탕을 넣어 볶아줍니다.', '4. 간장을 넣고 끓여 야채와 섞어줍니다.', '5. 고추장, 고춧가루를 넣고 볶다가 물을 넣어줍니다.', '6. 양배추를 넣고 볶다가 순대를 넣고 익을 때까지 볶아줍니다.', '7. 후추, 참기름, 부추를 넣고 볶아 마무리합니다.']",순대볶음,7031540
"['쌀', '육수', '쯔유', '간장', '차돌박이', '미림', '다진마늘', '후추']",,스타우브 꼬꼬떼 솥밥으로 만드는 차돌박이솥밥 레시피입니다. 고소한 차돌박이와 육수의 조화가 환상적인 솥밥입니다.,"['1. 쌀을 씻어 물에 불리고 육수를 준비합니다.', '2. 차돌박이에 쯔유, 미림, 다진마늘, 후추로 밑간을 합니다.', '3. 팬에 차돌박이를 볶다가 통마늘을 넣고 함께 볶아줍니다.', '4. 차돌박이를 건져내고 쌀을 넣어 볶아줍니다.', '5. 육수, 쯔유, 간장을 넣고 끓이다가 약불로 10분간 끓여줍니다.', '6. 구워둔 차돌박이, 통마늘을 올리고 뜸을 들인 후 노른자와 깨를 뿌려 마무리합니다.']",차돌박이솥밥,7031539
"['도토리묵', '진간장', '식초', '설탕', '고춧가루', '매실청', '다진 마늘', '참기름', '깨']",,매콤새콤한 양념에 버무린 도토리묵무침 레시피입니다. 쫄깃한 도토리묵과 아삭한 채소의 조화가 훌륭합니다.,"['1. 도토리묵을 썰어 끓는 물에 3분간 데쳐줍니다.', '2. 양파, 당근, 깻잎, 상추, 오이를 썰어줍니다.', '3. 볼에 야채와 양념장을 넣고 버무린 후 데친 묵을 넣고 살살 무쳐줍니다.']",도토리묵무침,7031538
"['소면', '냉면육수', '대파', '진간장', '설탕', '고추장', '고춧가루', '식초', '참기름']",,30년 대박집 사장님의 비법이 담긴 물비빔국수 레시피입니다. 시원하고 매콤한 맛이 일품입니다.,"['1. 소면을 삶아 찬물에 헹궈줍니다.', '2. 냉면육수, 진간장, 설탕, 고추장, 고춧가루, 식초, 참기름을 섞어 양념장을 만듭니다.', '3. 소면 위에 양념장을 붓고 대파를 올려 마무리합니다.']",물비빔국수,7031537
"['대패삼겹살', '콩나물', '대파', '양파', '청양고추', '깻잎', '깨소금', '간장', '맛술', '설탕', '굵은고춧가루', '고추장', '간마늘', '깨']",,백종원 셰프의 콩불 레시피입니다. 매콤달콤한 양념에 콩나물과 대패삼겹살을 볶아 먹는 맛있는 콩나물불고기입니다.,"['1. 콩나물을 씻어 물기를 제거하고 대파, 양파, 청양고추, 깻잎을 썰어줍니다.', '2. 간장, 맛술, 설탕, 굵은고춧가루, 고추장, 간마늘을 섞어 양념장을 만듭니다.', '3. 팬에 콩나물과 대패삼겹살을 넣고 양파, 대파, 청양고추, 양념장, 깨소금을 올려 볶아줍니다.', '4. 콩나물이 숨이 죽으면 깻잎과 깨를 올려 마무리합니다.']",콩불,7031536
"['냉동만두', '양배추', '당근', '깻잎', '고추장', '고춧가루', '설탕', '매실청', '식초', '간장', '참기름']",,냉동만두와 아삭한 야채를 매콤달콤한 양념장에 비벼 먹는 야채 비빔만두 레시피입니다.,"['1. 양배추, 당근, 깻잎을 썰어줍니다.', '2. 고추장, 고춧가루, 설탕, 매실청, 식초, 간장, 참기름을 섞어 양념장을 만듭니다.', '3. 야채와 양념장을 버무리고 구운 만두를 곁들여 깨를 뿌려 마무리합니다.']",야채 비빔만두,7031535
"['콩물', '중면', '오이', '깨', '소금', '서리태', '물', '호두']",,서리태를 직접 갈아 만든 진하고 구수한 콩물로 만든 콩국수 레시피입니다.,"['1. 서리태를 씻어 물에 불린 후 끓는 물에 10분간 삶아줍니다.', '2. 삶은 서리태를 믹서에 삶은 물, 소금, 호두와 함께 갈아 콩물을 만듭니다.', '3. 중면을 삶아 찬물에 헹궈줍니다.', '4. 면기에 삶은 중면을 담고 콩물을 부어 오이, 깨를 올려 마무리합니다.']",서리태 콩국수,7031534
"['감자', '전분', '후추']",,겉은 바삭하고 속은 촉촉한 감자튀김 레시피입니다. 간단한 재료로 누구나 쉽게 만들 수 있는 감자튀김은 맥주 안주나 간식으로 인기가 많습니다.,"['1. 감자를 삶아 으깬다.', '2. 으깬 감자에 전분, 후추를 넣고 반죽한다.', '3. 반죽을 튀긴다.']",감자튀김,7031533
"['브로콜리', '감자', '토마토', '양파', '닭가슴살', '토마토퓨레', '냉동 야채믹스', '버터', '고형 카레', '소금', '이탈리안 허브 믹스', '후추']",,다이어트에 도움이 되는 마녀스프 레시피입니다. 다양한 채소와 닭가슴살을 넣어 든든하게 즐길 수 있는 스프입니다.,"['1. 브로콜리를 썰어 물에 담가 씻는다.', '2. 감자, 양파, 토마토를 썬다.', '3. 닭가슴살을 썬다.', '4. 냄비에 버터를 녹이고 닭가슴살을 볶는다.', '5. 감자, 브로콜리를 넣고 볶는다.', '6. 양파, 토마토, 냉동 야채믹스를 넣고 볶는다.', '7. 토마토퓨레, 고형 카레, 이탈리안 허브 믹스를 넣고 끓인다.', '8. 소금, 후추로 간을 한다.']",마녀스프,7031532
"['다진 돼지고기', '부추', '대파', '조미김', '계란 노른자', '다진 마늘', '진간장', '맛술', '굴소스', '설탕', '고추기름']",,일본인 친구가 반했다는 마제소바 레시피입니다. 돼지고기와 각종 채소를 볶아 만든 소스를 면에 비벼 먹는 일본식 비빔 국수입니다.,"['1. 부추, 대파를 썬다.', '2. 팬에 대파와 다진 마늘을 볶는다.', '3. 다진 돼지고기를 넣고 볶는다.', '4. 맛술, 간장, 굴소스, 고추기름을 넣고 볶는다.', '5. 면을 삶아 찬물에 헹군 후 진간장, 식초, 설탕을 넣고 섞는다.', '6. 면 위에 부추, 돼지고기, 조미김, 깨를 올린다.']",마제소바,7031531
"['파스타면', '양송이버섯', '통마늘', '올리브오일', '페퍼론치노', '후추', '소금', '트러플소스', '파르미지아노 레지아노 치즈']",,고급스러운 풍미를 자랑하는 트러플 오일 파스타 레시피입니다. 트러플 오일과 파르미지아노 레지아노 치즈를 곁들여 더욱 풍성한 맛을 즐길 수 있습니다.,"['1. 끓는 물에 소금을 넣고 파스타면을 삶는다.', '2. 마늘을 편 썰고 양송이버섯을 채 썬다.', '3. 팬에 올리브오일을 두르고 마늘을 볶는다.', '4. 페퍼론치노를 넣고 볶는다.', '5. 양송이버섯을 넣고 볶는다.', '6. 삶은 파스타면을 넣고 볶는다.', '7. 트러플소스, 파르미지아노 레지아노 치즈를 넣고 섞는다.']",트러플 오일 파스타,7031530
"['쌀', '멸치', '쯔유', '간장', '참치액', '미림', '다시마', '물', '부추', '참기름', '통깨']",,스타우브 꼬꼬떼 솥으로 만드는 멸치솥밥 레시피입니다. 멸치의 깊은 맛과 쌀의 고소함이 어우러져 더욱 풍부한 맛을 느낄 수 있습니다.,"['1. 쌀을 씻어 물에 불린다.', '2. 부추를 썬다.', '3. 멸치를 데친다.', '4. 냄비에 불린 쌀, 쯔유, 간장, 참치액, 미림, 다시마, 물을 넣고 끓인다.', '5. 끓어오르면 멸치를 넣고 뜸을 들인다.', '6. 뜸 들인 후 부추, 참기름, 통깨를 올린다.']",멸치솥밥,7031529
"['메추리알', '곤약', '멸치육수', '다시마', '간장', '설탕', '맛술', '올리고당', '식초', '소금']",,메추리알과 곤약을 넣어 만든 장조림 레시피입니다. 짭짤하고 달콤한 맛으로 밥반찬으로 인기가 많습니다.,"['1. 메추리알을 삶는다.', '2. 곤약을 깍둑썰어 데친다.', '3. 냄비에 삶은 메추리알, 곤약, 멸치육수, 다시마를 넣고 끓인다.', '4. 간장, 설탕, 맛술을 넣고 끓인다.', '5. 올리고당을 넣고 섞는다.']",메추리알 곤약 장조림,7031528
"['당근', '양배추', '사과', '물']",,"사과, 당근, 양배추를 넣어 만든 CCA주스 레시피입니다. 비타민과 미네랄이 풍부하여 건강에 좋은 음료입니다.","['1. 양배추를 썰어 물에 씻는다.', '2. 당근을 썬다.', '3. 사과를 껍질째 썰어 씨를 제거한다.', '4. 블렌더에 사과, 당근, 양배추, 물을 넣고 갈아준다.']",CCA주스,7031527
"['마카로니', '계란', '파프리카', '마요네즈', '설탕', '소금']",,"누구나 쉽게 만들 수 있는 마카로니 샐러드 레시피입니다. 마카로니와 계란, 파프리카를 넣어 만들어 더욱 풍성한 맛을 즐길 수 있습니다.","['1. 마카로니를 삶는다.', '2. 계란을 삶아 으깬다.', '3. 파프리카를 썬다.', '4. 볼에 마카로니, 계란, 파프리카, 마요네즈, 설탕, 소금을 넣고 섞는다.']",마카로니샐러드,7031526
"['밥', '삼각유부', '크래미', '양파', '당근 피클', '마요네즈', '머스터드', '후추']",,"크래미와 마요네즈를 넣어 만든 유부초밥 레시피입니다. 간단하게 만들 수 있으며, 맛있고 든든한 한 끼 식사로 좋습니다.","['1. 양파, 당근 피클을 채 썬다.', '2. 크래미를 찢는다.', '3. 볼에 크래미, 양파, 당근 피클, 마요네즈, 머스터드, 후추를 넣고 섞는다.', '4. 밥에 조미액과 조미깨를 넣고 섞는다.', '5. 유부에 밥을 넣고 크래미를 올린다.']",크래미유부초밥,7031525
"['호밀식빵', '딸기쨈', '감자계란마요', '치즈']",,"고소한 감자계란마요를 넣어 만든 샌드위치 레시피입니다. 간단하게 만들 수 있으며, 든든한 한 끼 식사나 간식으로 좋습니다.","['1. 호밀식빵에 딸기쨈을 바른다.', '2. 감자계란마요를 올린다.', '3. 치즈를 올린다.', '4. 호밀식빵으로 덮는다.']",감자계란마요 샌드위치,7031524
"['고추 장아찌', '간장', '참치액', '올리고당', '고춧가루', '검은깨']",,"매콤한 고추 장아찌를 간장, 참치액, 올리고당, 고춧가루로 버무려 더욱 풍성한 맛을 낸 밥도둑 반찬입니다.","['1. 고추 장아찌를 믹싱볼에 담는다.', '2. 간장, 참치액, 올리고당, 고춧가루를 넣고 양념과 골고루 섞는다.', '3. 열탕 처리한 유리그릇에 양념된 고추 장아찌를 담는다.', '4. 깨를 뿌려 마무리한다.']",간장 고추 장아찌 무침,7031523
"['애호박', '갈치', '고춧가루', '국간장', '간장', '청주', '매실청', '다진 마늘', '후추', '참기름', '다시마멸치 육수', '대파', '청양고추']",,달콤한 호박과 싱싱한 갈치를 매콤한 양념으로 끓여낸 든든한 찌개입니다. 갈치조림 양념으로도 활용 가능합니다.,"['1. 호박을 1.5~2cm 두께로 썰어 냄비 바닥에 깔고 소금 간 한 갈치를 올린다.', '2. 고춧가루, 국간장, 간장, 청주, 매실청, 다진 마늘, 후추, 참기름, 다시마 멸치 육수를 넣고 양념을 만들어 갈치 위에 부어준다.', '3. 센 불에서 끓이다가 갈치 위로 양념을 끼얹어 주면서 끓인다.', '4. 국물이 끓으면 대파 흰 부분을 어슷하게 썰어 넣고 뚜껑을 덮고 중~약 불에서 끓인다.', '5. 10분 정도 끓여 양념이 갈치에 배고 호박이 부드럽게 익으면 대파 초록 부분과 청양고추를 어슷하게 썰어 넣는다.']",호박 갈치찌개,7031522
"['중력분', '베이킹파우더', '베이킹 소다', '소금', '올리브오일', '설탕', '냉동 레몬제스트', '달걀', '버터밀크', '생크림', '라벤더 티백', '바닐라익스트랙', '물']",,고소한 올리브오일과 은은한 라벤더 향이 조화롭게 어우러진 케이크입니다. 레몬 제스트를 더해 상큼함을 더했습니다.,"['1. 우유와 레몬즙을 섞어 20~30분 정도 두어 버터밀크를 만든다.', '2. 볼에 올리브오일, 설탕, 레몬제스트를 넣고 잘 섞는다.', '3. 실온의 달걀을 한 개씩 넣고 잘 섞는다.', '4. 밀가루, 베이킹 소다, 베이킹 파우더, 소금을 체쳐 넣고 가볍게 섞는다.', '5. 버터밀크를 넣고 가볍게 섞는다.', '6. 남은 체친 가루류를 넣고 가볍게 섞은 후 매끄러울 때까지 섞는다.', '7. 반죽을 종이호일을 깐 1호 원형팬에 나눠 담고 175도로 예열된 오븐에서 24~26분 정도 굽는다.', '8. 케이크를 10~15분 정도 식힌 후 팬에서 분리하고 완전히 식힌다.', '9. 물과 설탕을 끓인 후 라벤더를 넣고 8~10분 정도 끓여 라벤더 시럽을 만든다.', '10. 불에서 내려 식을 때까지 라벤더를 우린 후 체에 걸러 라벤더 시럽을 만든다.', '11. 생크림과 라벤더 티백을 끓인 후 불에서 내려 향을 우린 후 냉장고에서 차갑게 식혀 라벤더 크림을 만든다.', '12. 식힌 크림에 설탕과 바닐라 익스트랙을 넣고 휘핑하여 라벤더 크림을 만든다.', '13. 식힌 케이크 시트를 윗부분만 살짝 잘라 내고 라벤더 시럽을 발라준다.', '14. 라벤더 크림을 펴 바르고 다른 시트를 올린 후 시럽을 바르고 남은 크림을 올려 마무리한다.']",라벤더 올리브오일 케이크,7031521
"['감자', '토마토소스', '브로콜리', '소시지', '모짜렐라치즈', '감자전분', '후추']",,바삭하고 쫄깃한 감자 도우로 만든 피자입니다. 토마토 소스와 다양한 토핑을 곁들여 즐거운 식사를 즐길 수 있습니다.,"['1. 감자를 채칼로 얇게 밀어준다.', '2. 감자에 전분과 후추를 뿌려 버무린다.', '3. 예열된 프라이팬에 기름을 두르고 감자채전을 얇게 부친다.', '4. 감자채전 2장을 사용하여 피자를 만들고 토마토 소스를 바른 후 모짜렐라 치즈를 얹는다.', '5. 소시지, 브로콜리, 모짜렐라 치즈를 올리고 뚜껑을 닫고 중, 약불로 치즈가 녹을 때까지 기다린다.']",감자도우피자,7031520
"['닭', '감자', '당근', '양파', '대파', '다진 마늘', '청양고추', '당면', '물', '고춧가루', '고추장', '설탕', '소금', '양조간장', '맛술', '매실청', '생강청', '참치액', '후추', '생강']",,매콤한 양념에 닭고기와 각종 채소를 넣어 끓인 닭볶음탕입니다. 쫄깃한 당면을 추가하여 더욱 푸짐하게 즐길 수 있습니다.,"['1. 닭을 깨끗이 씻어 냄비에 담고 생강을 넣고 물을 부어 끓인다.', '2. 끓어오르면 닭을 뒤적여 겉면이 살짝 익도록 익힌 후 불을 끈다.', '3. 데친 닭을 찬물로 씻어준다.', '4. 감자, 당근, 양파를 먹기 좋은 크기로 썰어준다.', '5. 데친 닭과 채소를 냄비에 담는다.', '6. 양념장을 만들어 냄비에 부어준다.', '7. 물 500ml를 넣고 끓인다.', '8. 끓으면 대파를 넣어준다.', '9. 불린 당면을 넣고 끓인다.', '10. 물이 부족하면 추가하면서 끓인다.']",매콤 닭볶음탕,7031519
"['중멸치', '꽈리고추', '식초', '소금', '참기름', '깨', '진간장', '굴소스', '다진파', '올리고당', '다진마늘']",,매콤한 꽈리고추와 짭짤한 멸치를 함께 볶아 만든 밑반찬입니다. 밥도둑으로 인기 있는 메뉴입니다.,"['1. 꽈리고추를 식초를 넣은 물에 담가 3~4분가량 불린 후 헹구고 꼭지를 잘라낸다.', '2. 꽈리고추를 끓는 물에 소금을 넣고 1분가량 데친 후 찬물에 헹군다.', '3. 진간장, 굴소스, 다진파, 올리고당, 다진마늘을 섞어 양념장을 만든다.', '4. 멸치를 볶아 비린 맛을 제거한다.', '5. 달군 팬에 멸치와 꽈리고추를 넣고 볶는다.', '6. 양념장을 넣고 2분가량 볶는다.', '7. 불을 끄고 참기름과 깨를 넣고 섞는다.']",꽈리고추멸치볶음,7031518
"['복숭아', '그릭요거트', '그래놀라', '꿀']",,달콤한 복숭아와 꾸덕꾸덕한 그릭 요거트를 곁들인 여름철 간식입니다. 바삭한 그래놀라를 더해 더욱 풍성하게 즐길 수 있습니다.,"['1. 복숭아를 깨끗하게 씻고 껍질을 벗긴다.', '2. 복숭아 씨를 제거한다.', '3. 복숭아 씨를 뺀 공간에 그릭 요거트를 채워 넣는다.', '4. 랩으로 꼼꼼하게 감싸 냉동실에서 1~2시간 굳힌다.', '5. 접시에 그래놀라를 올리고 그릭 복숭아를 올린다.', '6. 꿀을 취향껏 뿌린다.']",그릭모모,7031517
"['검은콩', '물', '흑임자', '땅콩', '잣', '소금', '메밀면', '소면', '해초면', '오이', '계란', '토마토']",,"고소한 검은콩을 갈아 만든 진한 콩국수입니다. 흑임자, 땅콩, 잣을 더해 더욱 풍부한 맛을 즐길 수 있습니다.","['1. 검은콩을 씻어 물에 불린다.', '2. 불린 콩을 물과 소금을 넣고 삶는다.', '3. 삶은 콩을 체에 받쳐 물기를 뺀다.', '4. 콩 삶은 물을 따로 보관한다.', '5. 블렌더에 삶은 콩, 콩 삶은 물, 흑임자, 땅콩, 잣, 소금을 넣고 곱게 갈아준다.', '6. 물을 2~3번에 나눠 넣고 곱게 갈아준다.', '7. 콩물을 체에 거른다.', '8. 콩물을 냉장고에 넣어 차갑게 한다.', '9. 좋아하는 국수를 삶아 찬물에 헹군 후 콩물을 부어준다.', '10. 오이, 계란, 토마토를 곁들여 먹는다.']",콩국수,7031516
"['새송이버섯', '버터', '소금', '흑미밥', '어린잎채소', '쪽파', '검은깨', '진간장', '고추장', '마늘', '참기름', '메이플시럽', '후추']",,쭉쭉 찢어낸 새송이버섯의 식감이 살아있는 덮밥입니다. 고추장 양념으로 매콤하게 볶아 더욱 맛있게 즐길 수 있습니다.,"['1. 새송이버섯을 찢는다.', '2. 쪽파를 잘게 썬다.', '3. 진간장, 고추장, 마늘, 메이플시럽을 섞어 양념장을 만든다.', '4. 팬에 버터를 두르고 새송이버섯을 볶는다.', '5. 볶은 새송이버섯에 양념장을 넣고 볶는다.', '6. 참기름을 넣고 버무린다.', '7. 그릇에 어린잎채소, 흑미밥, 어린잎채소, 새송이버섯볶음을 올린다.', '8. 쪽파, 검은깨를 올리고 후추를 뿌린다.']",새송이버섯덮밥,7031515
"['닭', '전복', '인삼', '찹쌀', '대추', '밤', '통마늘', '은행', '통후추', '월계수잎', '대파', '참치액', '고은 소금']",,전기밥솥을 이용하여 간편하게 만든 삼계탕입니다. 찹쌀 누룽지를 함께 곁들여 더욱 든든하고 고소하게 즐길 수 있습니다.,"['1. 찹쌀을 씻어 30분 불린 후 물기를 빼고 전기밥솥에 넣어 누룽지 기능으로 만든다.', '2. 닭의 꽁지, 목, 날개 끝을 잘라내고 내장을 제거한다.', '3. 닭을 깨끗하게 씻어 물기를 뺀다.', '4. 통후추와 월계수잎을 다시 팩에 넣는다.', '5. 밥솥에 누룽지를 빼내고 닭, 전복, 인삼, 대추, 밤, 마늘, 은행, 통후추 팩, 월계수잎 팩, 대파, 고운 소금, 참치 액을 넣는다.', '6. 영양 찜 기능으로 20분 정도 삶는다.', '7. 뚝배기에 닭, 누룽지, 전복, 은행, 대추, 대파를 담아낸다.']",전기밥솥 삼계탕,7031513
"['전복', '다진 마늘', '버터', '소금', '후춧가루', '식용유', '파슬리가루']",,"버터와 마늘의 풍미가 가득한 전복 요리입니다. 술안주로도 제격이며, 전복의 쫄깃한 식감과 버터의 고소함이 조화롭게 어우러집니다.","['1. 전복을 깨끗이 씻은 후 내장과 이빨을 제거하고 칼집을 넣는다.', '2. 팬에 버터를 녹인다.', '3. 버터가 녹으면 식용유, 다진 마늘을 넣고 볶는다.', '4. 마늘이 익으면 전복을 올리고 소금, 후춧가루를 뿌린다.', '5. 앞뒤로 노릇하게 전복을 굽는다.', '6. 냄비에 식초를 넣은 물을 끓여 전복껍질을 삶는다.', '7. 구운 전복을 껍질에 담고 버터에 구운 마늘소스를 뿌리고 파슬리가루를 뿌린다.']",전복버터갈릭구이,7031502
"['계란', '모짜렐라치즈', '소금', '파슬리가루']",,"아이들도 좋아하는 부드럽고 고소한 치즈 달걀말이 레시피입니다. 간단하게 만들 수 있으며, 든든한 한 끼 식사 또는 술안주로도 좋습니다.","['1. 달걀을 풀고 소금으로 간을 한다.', '2. 달궈진 팬에 기름을 두르고 달걀을 붓는다.', '3. 달걀이 익기 시작하면 치즈를 넣어준다.', '4. 모양을 잡아 말아준다.', '5. 식었을 때 썰어준다.', '6. 파슬리가루를 뿌린다.']",치즈달걀말이,7031501
"['샐러리', '맛살', '홍파프리카', '대파', '마늘', '멸치액젓', '후추', '통깨', '마늘후레이크']",,"향긋한 샐러리와 맛살을 볶아 만든 간단한 볶음 요리입니다. 샐러리를 맛있게 먹을 수 있는 방법으로, 밥반찬이나 술안주로도 좋습니다.","['1. 샐러리를 깨끗이 씻어 잎을 떼고 썰어준다.', '2. 맛살을 찢고 파프리카를 채 썬다.', '3. 팬에 샐러리를 볶다가 맛살, 파프리카를 넣고 볶는다.', '4. 대파, 마늘을 넣고 볶는다.', '5. 멸치액젓으로 간을 하고 후추를 뿌린다.', '6. 통깨와 마늘후레이크를 뿌린다.']",샐러리 맛살 볶음,7031500
"['당근', '건 파슬리가루', '소금', '레몬즙', '올리브유', '홀그레인머스타드', '알룰로스', '후추가루']",,"아삭한 당근을 채 썰어 레몬즙, 올리브유, 머스타드 등으로 버무린 상큼한 샐러드입니다. 샌드위치 재료로도 활용 가능합니다.","['1. 당근을 채 썰어 소금에 절인 후 물기를 짠다.', '2. 레몬즙, 올리브유, 머스타드, 알룰로스를 섞어 소스를 만든다.', '3. 절인 당근에 소스를 넣고 버무린다.', '4. 건 파슬리가루를 뿌린다.']",당근라페,7031499
"['소고기', '단호박', '당근', '양파', '액젓', '다진마늘', '매실액', '생강청', '술', '소금', '참기름']",,달콤한 단호박과 부드러운 소불고기의 조합이 돋보이는 맛있는 별미입니다. 단호박은 껍질째 사용하여 영양 만점입니다.,"['1. 소고기에 액젓, 다진마늘, 매실액, 생강청, 술을 넣고 밑간을 한다.', '2. 당근을 채 썰고 양파를 슬라이스하여 소금을 뿌린다.', '3. 단호박을 깨끗이 씻어 전자레인지에 돌려 익힌 후 썰어둔다.', '4. 팬에 소고기와 채소를 볶는다.', '5. 소고기가 익으면 단호박을 넣고 볶는다.', '6. 국물이 졸아들면 참기름을 넣고 마무리한다.']",단호박소불고기,7031498
"['노각', '부추', '고추장', '다진마늘', '고춧가루', '액젓', '애플사이다비니거', '매실액', '생강청']",,아삭하고 시원한 노각을 매콤달콤하게 무친 여름철 별미 반찬입니다. 칼칼한 맛이 입맛을 돋우어줍니다.,"['1. 노각을 껍질을 벗기고 속을 긁어낸 후 썰어 소금과 물엿에 절인다.', '2. 고추장, 고춧가루, 액젓, 애플사이다비니거, 다진마늘, 매실액, 생강청을 섞어 양념을 만든다.', '3. 부추를 썰어 양념에 무친다.', '4. 절인 노각을 물기를 짜서 양념과 버무린다.']",노각무침,7031497
['la갈비 밀키트'],,la갈비 밀키트를 사용하여 간편하게 즐기는 맛있는 갈비 요리입니다. 센불에 구워 육즙 가득한 갈비를 맛볼 수 있습니다.,"['1. 달군 팬에 la갈비를 올려 굽는다.', '2. 센불에 조리한다.', '3. 국물을 넣고 끓이며 자주 뒤집어준다.', '4. 국물이 졸아들면 완성한다.', '5. 먹기 좋게 가위로 잘라준다.']",la갈비,7031496
"['우삼겹', '숙주나물', '간마늘', '청양고추', '대파', '후추', '깨', '진간장', '굴소스', '설탕']",,덮밥이나 술안주로도 좋은 우삼겹과 숙주를 볶아 만든 볶음 요리입니다. 간단한 양념으로 맛있게 만들 수 있습니다.,"['1. 진간장, 굴소스, 설탕으로 양념장을 만든다.', '2. 숙주나물을 씻어 물기를 뺀다.', '3. 팬에 우삼겹을 굽는다.', '4. 우삼겹 기름에 마늘, 청양고추, 대파를 볶는다.', '5. 숙주를 볶는다.', '6. 숙주에 양념과 우삼겹을 넣고 볶는다.', '7. 후추를 뿌린다.', '8. 깨를 뿌린다.']",우삼겹숙주볶음,7031495
"['두부', '소금']",,두부를 얇게 썰어 전자레인지에 구워 만든 간단한 두부과자입니다. 짭짤하면서도 고소한 맛이 일품입니다.,"['1. 두부를 물기를 제거하고 얇게 썬다.', '2. 접시에 두부를 겹치지 않게 놓고 소금을 뿌린다.', '3. 전자레인지에 3분간 돌린 후 뒤집어 4분간 돌린다.']",두부과자,7031494
"['감자', '양파', '청양고추', '참치', '진간장', '고춧가루', '설탕', '고추장', '다진마늘', '후추']",,감자와 참치를 넣고 끓여 만든 든든하고 얼큰한 찌개 요리입니다. 밥과 함께 먹으면 더욱 맛있습니다.,"['1. 감자, 양파, 청양고추를 썰어준다.', '2. 진간장, 고춧가루, 설탕, 고추장, 다진마늘, 후추를 섞어 양념을 만든다.', '3. 냄비에 감자, 양파, 참치, 양념, 물을 넣고 끓인다.', '4. 감자가 익으면 대파, 청양고추를 넣고 국물이 거의 없어질 때까지 끓인다.']",참치 감자짜글이,7031493
"['오이', '두부', '참치', '청양고추', '참치액', '식초', '설탕', '으깬통깨', '다진마늘']",,"아삭한 오이와 부드러운 두부, 고소한 참치의 조합이 돋보이는 오이참치두부 레시피입니다. 간단하게 만들 수 있으면서도 맛은 풍부해, 든든한 한 끼 식사나 술안주로도 좋습니다.","['1. 오이를 얇게 슬라이스한다.', '2. 오이를 소금에 절여 물기를 짠다.', '3. 두부를 면보로 물기를 짠다.', '4. 참치액, 식초, 설탕, 으깬통깨, 다진마늘을 섞어 양념장을 만든다.', '5. 오이, 두부, 참치를 양념장에 버무린다.']",오이참치두부,7031492
"['소면', '냉면육수', '다진마늘', '고추장', '고춧가루', '간장', '식초', '설탕', '깨', '참기름']",,매콤달콤한 양념장에 쫄깃한 소면을 버무린 비빔국수 레시피입니다. 다양한 채소와 함께 즐기면 더욱 풍성하고 맛있는 한 끼 식사를 즐길 수 있습니다.,"['1. 고추장, 고춧가루, 다진마늘, 설탕, 식초, 간장, 냉면육수, 깨, 참기름을 섞어 양념장을 만든다.', '2. 소면을 삶아 찬물에 헹궈 물기를 뺀다.', '3. 삶은 소면을 양념장에 버무린다.', '4. 취향에 따라 채소를 곁들인다.']",비빔국수,7031491
"['단호박', '밤', '말린대추', '견과류', '한천가루', '소금']",,"달콤한 단호박과 밤, 대추의 조화가 일품인 단호박 양갱 레시피입니다. 설탕을 넣지 않아 건강하게 즐길 수 있으며, 깊은 단맛과 부드러운 식감이 매력적인 디저트입니다.","['1. 단호박을 쪄서 껍질과 함께 믹서기에 갈아준다.', '2. 갈은 단호박에 밤과 대추를 넣고 뭉근하게 끓여준다.', '3. 견과류를 넣고 계속 저어가며 익힌다.', '4. 한천가루를 넣고 농도를 조절하며 끓여준다.', '5. 용기에 담아 냉장고에서 굳힌다.']",단호박 양갱,7031490
"['오이지', '물', '다진대파', '다진마늘', '고춧가루', '설탕', '매실청', '진간장', '꿀', '참기름', '깨소금', '통깨']",,아삭한 오이지에 매콤달콤한 양념을 버무린 오이지무침 레시피입니다. 짭짤하면서도 새콤한 맛이 입맛을 돋우는 최고의 밑반찬입니다.,"['1. 오이지를 깨끗이 씻어 얇게 슬라이스한다.', '2. 오이지를 찬물에 5분간 담가 짠맛을 뺀다.', '3. 물기를 짠 오이지에 다진마늘, 고춧가루, 매실청, 설탕, 진간장, 꿀, 참기름, 깨소금, 다진대파를 넣고 버무린다.', '4. 통깨를 뿌려 마무리한다.']",오이지무침,7031489
"['순살 닭', '감자', '양파', '청양고추', '다진마늘', '고춧가루', '고추장', '간장', '설탕', '물', '참기름', '후추', '케챱']",,"고추장과 간장을 넣어 맵콤달콤하게 끓여낸 닭볶음탕 레시피입니다. 냉동 순살 닭고기를 사용하여 더욱 간편하게 만들 수 있으며, 감자, 양파 등 다양한 채소와 함께 즐기면 더욱 풍성한 맛을 느낄 수 있습니다.","['1. 냉동 순살 닭고기를 해동하여 씻는다.', '2. 감자와 양파를 먹기 좋은 크기로 썬다.', '3. 다진마늘, 고춧가루, 고추장, 간장, 설탕, 참기름, 케챱을 섞어 양념장을 만든다.', '4. 냄비에 물을 끓이고 닭고기를 데친다.', '5. 냄비에 물, 양념장을 넣고 끓인 후 중약불로 30분 끓인다.']",닭볶음탕,7031488
"['다진소고기', '통밀 또띠아', '양파', '토마토', '상추', '소금', '후추', '케첩', '비건 마요네즈', '타바스코']",,통밀 또띠아를 사용하여 건강하게 즐길 수 있는 다이어트 와퍼 레시피입니다. 육즙 가득한 소고기 패티와 신선한 채소의 조합이 맥도날드 와퍼 못지않은 맛을 선사합니다.,"['1. 다진 소고기에 소금, 후추를 넣고 치댄다.', '2. 양파를 채 썰어 찬물에 담가 매운맛을 빼준다.', '3. 케첩, 비건 마요네즈, 타바스코를 섞어 소스를 만든다.', '4. 프라이팬에 소고기를 굽는다.', '5. 구운 소고기에 소스를 바르고 상추, 양파, 토마토를 올린다.', '6. 또띠아를 반으로 접어 완성한다.']",다이어트 와퍼,7031487
"['계란', '밥', '대파', '당근', '스팸', '진간장', '식용유', '후추', '굴소스', '맛소금']",,"고소한 스팸과 부드러운 계란을 볶아 만든 스팸 계란 볶음밥 레시피입니다. 간단하게 만들 수 있으면서도 맛은 풍부해, 남녀노소 누구나 좋아하는 메뉴입니다.","['1. 대파, 당근, 스팸을 잘게 썬다.', '2. 팬에 식용유를 두르고 대파를 볶아 파기름을 낸다.', '3. 계란을 넣고 스크램블 에그를 만든다.', '4. 스팸과 당근을 넣고 함께 볶는다.', '5. 진간장을 넣고 불향을 더한다.', '6. 밥을 넣고 볶는다.', '7. 굴소스 또는 맛소금으로 간을 맞춘다.', '8. 참기름과 후추를 넣고 마무리한다.']",스팸 계란볶음밥,7031486
"['돼지고기 앞다리살', '양파', '대파', '통마늘', '통후추', '건로즈마리', '월계수잎', '미림']",,스타우브 냄비를 사용하여 촉촉하고 부드러운 무수분 수육을 만드는 레시피입니다. 돼지고기의 잡내는 잡아주고 풍미는 더해주는 다양한 향신료를 사용하여 더욱 맛있게 즐길 수 있습니다.,"['1. 돼지고기 앞다리살을 핏물을 닦아 준비한다.', '2. 양파를 1cm 두께로 썬다.', '3. 스타우브 냄비 바닥에 양파와 대파를 깔고 돼지고기를 올린다.', '4. 통마늘, 통후추, 건로즈마리, 월계수잎, 미림을 넣는다.', '5. 뚜껑을 덮고 중불로 5분간 끓인 후 약불로 50분 끓인다.', '6. 젓가락으로 찔러 핏물이 나오지 않으면 완성이다.', '7. 10분 정도 식힌 후 썰어서 먹는다.']",스타우브 무수분수육,7031485
"['튀김가루', '전분', '물', '달걀', '얼음', '식용유']",,"바삭한 튀김옷을 입혀 튀겨낸 야채튀김 레시피입니다. 양파, 당근, 버섯 등 다양한 채소를 튀겨내어 더욱 풍성하고 맛있게 즐길 수 있습니다.","['1. 양파, 당근, 버섯을 먹기 좋은 크기로 썬다.', '2. 튀김가루, 전분, 물, 달걀을 섞어 튀김옷을 만든다.', '3. 튀김옷에 얼음을 넣고 채소를 넣어 튀김옷을 입힌다.', '4. 160도로 예열한 기름에 채소를 튀겨낸다.', '5. 키친타월에 올려 기름을 빼고 먹는다.']",야채튀김,7031484
"['크로와상생지', '아이스크림', '콩포트', '토핑']",,"바삭하고 달콤한 크로와상 생지를 와플메이커로 구워낸 크로플 레시피입니다. 아이스크림, 콩포트 등 다양한 토핑을 곁들여 더욱 풍성하고 맛있게 즐길 수 있습니다.","['1. 크로와상생지를 해동한다.', '2. 와플메이커를 예열한다.', '3. 예열된 와플메이커에 크로와상생지를 넣고 5~7분간 굽는다.', '4. 아이스크림, 콩포트, 토핑을 올려 먹는다.']",크로플,7031483
"['쪽파', '부침가루', '튀김가루', '물', '달걀']",,"바삭하고 고소한 쪽파전은 맥주 안주로도 좋고, 든든한 식사로도 손색없는 메뉴입니다. 쪽파의 향긋함과 바삭한 식감이 조화롭게 어우러져 누구나 좋아하는 맛입니다.","['1. 쪽파를 깨끗이 씻어 준비한다.', '2. 부침가루, 튀김가루, 물을 섞어 반죽을 만든다.', '3. 반죽에 쪽파를 넣고 잘 섞는다.', '4. 달궈진 팬에 기름을 두르고 반죽을 부어 익힌다.', '5. 앞뒤로 노릇하게 익으면 완성한다.']",쪽파전,7031482
"['소면', '멸치육수', '건표고버섯', '양파', '멸치 액젓', '깨', '애호박', '카놀라유', '다진마늘', '새우젓', '미림', '대파', '청양고추', '고춧가루', '간장', '설탕', '참기름']",,잔치국수는 멸치육수의 시원함과 면의 부드러운 식감이 조화로운 한국 대표 국수 요리입니다. 애호박 고명을 더하면 더욱 풍성하고 맛있게 즐길 수 있습니다.,"['1. 애호박을 채 썰어 마늘 기름에 볶는다.', '2. 새우젓과 미림을 넣고 부드러워질 때까지 볶는다.', '3. 멸치육수를 끓이고 건표고버섯, 양파, 멸치 액젓을 넣는다.', '4. 대파, 청양고추, 고춧가루, 간장, 설탕, 다진마늘, 참기름을 넣고 양념장을 만든다.', '5. 소면을 삶아 찬물에 헹궈 물기를 뺀다.', '6. 삶은 소면에 육수를 부어 애호박 볶음을 고명으로 올리면 완성한다.']",잔치국수,7031481
"['옥수수', '굵은소금', '뉴슈가', '물']",,달콤하고 찰진 옥수수는 여름철 대표 간식입니다. 뉴슈가와 굵은 소금을 넣어 삶으면 더욱 풍부한 맛을 즐길 수 있습니다.,"['1. 옥수수를 깨끗이 씻는다.', '2. 냄비에 굵은소금, 뉴슈가, 물을 넣고 끓인다.', '3. 끓는 물에 옥수수를 넣고 20분간 삶는다.', '4. 옥수수를 뒤집어 20분 더 삶는다.', '5. 불을 끄고 5분간 뜸 들인 후 꺼내면 완성한다.']",옥수수,7031480
"['밥', '카놀라유', '달걀', '대파', '피시소스', '굴소스', '통깨']",,파기름을 넣어 더욱 풍미를 더한 계란볶음밥은 간단하지만 맛있는 한 끼 식사입니다. 굴소스와 피시소스를 사용하여 감칠맛을 더했습니다.,"['1. 대파를 썰어 준비한다.', '2. 팬에 기름을 두르고 대파를 볶는다.', '3. 파를 한쪽으로 밀고 달걀을 넣어 스크램블을 만든다.', '4. 밥을 넣고 볶는다.', '5. 피시소스와 굴소스를 넣고 볶는다.', '6. 통깨를 뿌려 마무리한다.']",계란볶음밥,7031479
"['미니 단호박', '물', '베이킹소다']",,미니 단호박은 밤처럼 달콤하고 부드러운 맛이 일품입니다. 찜기에 쪄서 간단하게 즐길 수 있는 건강한 간식입니다.,"['1. 단호박을 베이킹소다로 깨끗하게 씻는다.', '2. 단호박을 반으로 자르고 씨를 제거한다.', '3. 찜기에 단호박을 넣고 8분간 찐다.', '4. 뚜껑을 닫고 2~3분 뜸 들인 후 꺼내면 완성한다.']",단호박,7031478
"['훈제오리', '빨강 파프리카', '노랑 파프리카', '당근', '오이', '부추', '쑥갓', '고수', '라이스페이퍼']",,다양한 채소와 훈제오리 또는 훈제닭고기를 라이스페이퍼에 싸 먹는 월남쌈은 건강하고 맛있는 메뉴입니다. 취향에 따라 다양한 채소를 곁들여 즐길 수 있습니다.,"['1. 재료를 모두 채 썰어 준비한다.', '2. 라이스페이퍼를 물에 적셔 불린다.', '3. 불린 라이스페이퍼에 채소와 훈제고기를 올리고 말아서 먹는다.']",월남쌈,7031477
"['소시지', '파스타면', '토마토소스', '모차렐라치즈', '파슬리가루']",,소시지와 파스타를 함께 즐길 수 있는 간단한 요리입니다. 토마토소스와 모차렐라 치즈를 곁들여 더욱 풍성하게 즐길 수 있습니다.,"['1. 소시지에 파스타면을 꽂는다.', '2. 파스타면을 삶는다.', '3. 삶은 파스타면을 소시지에 말아 토마토소스를 바른다.', '4. 오븐 용기에 담고 토마토소스, 모차렐라 치즈, 파슬리가루를 뿌린다.', '5. 오븐에 구워 완성한다.']",소시지 파스타,7031476
"['전복', '쪽파', '맵쌀', '가염버터', '청주', '전복 내장', '통마늘', '간장', '맛술', '다진 마늘', '고춧가루', '통깨']",,고소한 버터와 전복 내장이 어우러진 전복솥밥은 특별한 날에 즐기기 좋은 메뉴입니다. 전복의 영양과 맛을 그대로 느낄 수 있습니다.,"['1. 전복을 깨끗하게 씻어 칼집을 낸다.', '2. 팬에 버터를 녹이고 전복을 앞뒤로 굽는다.', '3. 솥에 버터를 녹이고 전복 내장을 볶는다.', '4. 쌀을 넣고 볶는다.', '5. 밥 물을 붓고 끓인 후 전복, 마늘을 넣는다.', '6. 쪽파를 썰어 밥 위에 올리고 뜸을 들인다.']",전복솥밥,7031475
"['대패삼겹살', '양파', '대파', '고추장', '간장', '설탕', '고춧가루', '미림', '다진마늘', '후추', '참기름']",,대패 삼겹살로 만든 제육볶음은 돼지고기의 맛과 매콤한 양념이 조화롭게 어우러져 밥도둑입니다. 볶음밥으로 먹어도 맛있습니다.,"['1. 양파와 대파를 썰어 준비한다.', '2. 팬에 대패삼겹살, 대파 흰 부분, 후추를 넣고 익힌다.', '3. 고추장, 간장, 설탕, 고춧가루, 미림, 다진마늘을 넣고 볶는다.', '4. 양파를 넣고 숨이 죽을 때까지 볶는다.', '5. 대파 초록 부분과 참기름을 넣고 볶으면 완성한다.']",제육볶음,7031474
"['콩나물', '대파', '굵은소금', '참치액', '고춧가루', '통깨', '다진 마늘', '참기름']",,콩나물무침은 간단하게 만들 수 있지만 맛있고 영양가 있는 반찬입니다. 콩나물의 아삭한 식감과 매콤한 양념이 잘 어울립니다.,"['1. 콩나물을 깨끗이 씻어 삶는다.', '2. 삶은 콩나물을 찬물에 헹궈 물기를 뺀다.', '3. 콩나물에 다진 마늘, 고춧가루, 참치액, 통깨, 대파, 참기름을 넣고 무치면 완성한다.']",콩나물무침,7031473
"['연어', '밥', '다시마', '와사비', '식초', '설탕', '소금']",,"신선한 연어와 밥의 조화가 일품인 연어초밥 레시피입니다. 숙성 연어를 사용하여 더욱 풍부한 맛을 즐길 수 있으며, 간단한 단촛물 레시피로 집에서도 쉽게 만들 수 있습니다.","['1. 연어를 밥이 감싸지는 큼직한 크기로 썰어줍니다.', '2. 식초, 설탕, 소금을 섞어 단촛물을 만들고 식혀줍니다.', '3. 다시마를 넣어 고슬고슬하게 밥을 짓습니다.', '4. 따뜻한 밥에 단촛물을 넣고 섞어줍니다.', '5. 밥을 쥐어 원하는 크기로 만들고 와사비를 올린 후 연어를 얹어 가볍게 감싸줍니다.']",연어초밥,7031472
"['연어', '크래미', '오이', '소금', '달걀', '김밥김', '단무지', '치킨텐더', '새우튀김', '밥', '식초', '설탕', '소금']",,"다양한 재료를 넣어 푸짐하게 즐기는 연어 후토마끼 레시피입니다. 숙성 연어와 아삭한 오이, 달콤한 단무지, 고소한 튀김 등의 조화가 훌륭하며, 특별한 날에 만들어 먹기 좋은 메뉴입니다.","['1. 연어를 숙성시켜 사용합니다.', '2. 달걀을 풀어 계란말이를 만들고 크래미를 찢어줍니다.', '3. 오이를 채 썰어 소금에 절인 후 물기를 짜줍니다.', '4. 치킨텐더 또는 새우튀김을 튀겨 준비합니다.', '5. 식초, 설탕, 소금을 섞어 단촛물을 만들고 밥에 넣어 섞어줍니다.', '6. 김밥김에 밥을 펴고 연어, 크래미, 오이, 단무지, 치킨텐더(새우튀김) 등을 올려 꽉 말아줍니다.']",연어 후토마끼,7031471
"['아욱', '다슬기', '두부', '집된장', '코인육수', '고춧가루', '홍게액', '맛술', '물', '표고버섯분말']",,"담백하고 구수한 맛이 일품인 다슬기아욱국 레시피입니다. 부드러운 두부와 아삭한 아욱, 쫄깃한 다슬기의 조화가 훌륭하며, 든든한 한 끼 식사로 좋습니다.","['1. 아욱 줄기의 껍질을 제거하고 깨끗하게 씻은 후 먹기 좋게 잘라줍니다.', '2. 두부를 먹기 좋게 썰어줍니다.', '3. 냄비에 물을 넣고 끓인 후 코인육수를 넣어 육수를 냅니다.', '4. 육수에 집된장을 풀어줍니다.', '5. 아욱, 두부, 다슬기, 맛술, 표고버섯분말, 고춧가루, 홍게액을 넣고 끓여줍니다.', '6. 거품을 제거하면 완성입니다.']",다슬기아욱국,7031470
"['찰옥수수', '물', '설탕', '소금']",,달콤하고 쫀득한 찰옥수수를 냄비에 삶아 먹는 간단한 레시피입니다. 껍질과 수염을 제거하고 물에 푹 잠기게 삶아 뜸을 들여주면 더욱 부드럽고 맛있게 즐길 수 있습니다.,"['1. 옥수수 껍질과 수염을 제거하고 깨끗하게 씻습니다.', '2. 냄비에 옥수수, 물, 설탕, 소금을 넣고 강불로 끓입니다.', '3. 물이 끓으면 중강불로 줄여 30분 삶습니다.', '4. 옥수수를 뒤집어주고 다시 30분 삶습니다.', '5. 불을 끄고 20분 뜸을 들인 후 꺼내어 맛있게 먹습니다.']",찰옥수수,7031469
"['연어', '판다시마', '소금', '물', '미림']",,연어를 다시마와 소금에 숙성시켜 감칠맛을 더하고 탱글탱글한 식감을 살린 연어 곤부즈메 레시피입니다. 숙성 시간을 조절하여 취향에 맞는 맛을 낼 수 있습니다.,"['1. 연어를 등살과 뱃살로 나눠 썰고 소금에 30분간 절입니다.', '2. 연어를 찬물에 씻어 물기를 닦아줍니다.', '3. 다시마를 물에 불린 후 연어를 감싸 랩으로 꽁꽁 싸서 냉장고에서 4시간~24시간 숙성시킵니다.', '4. 숙성 후 다시마를 제거하고 키친타월로 닦아 원하는 두께로 썰어줍니다.']",연어 곤부즈메,7031468
"['크림치즈', '호두', '꿀', '시나몬 가루', '레몬즙']",,고소한 호두와 향긋한 시나몬이 조화롭게 어우러진 호두시나몬크림치즈 레시피입니다. 베이글이나 크래커에 발라 먹으면 더욱 맛있습니다.,"['1. 호두를 다져줍니다.', '2. 크림치즈를 부드럽게 풀어줍니다.', '3. 크림치즈에 호두, 꿀, 시나몬 가루, 레몬즙을 넣고 잘 섞어줍니다.']",호두시나몬크림치즈,7031467
"['현미쌀', '물']",,부드러운 현미쌀죽을 만들어 아기에게 맛있게 먹일 수 있는 레시피입니다. 현미쌀을 곱게 갈아 끓여 부드러운 식감으로 아기가 소화하기 쉬운 이유식입니다.,"['1. 현미쌀을 밥솥에 밥을 지어 준비합니다.', '2. 현미쌀과 물을 블렌더에 넣고 곱게 갈아줍니다.', '3. 냄비에 갈은 현미쌀과 물을 넣고 끓여줍니다.', '4. 끓어오르면 약불로 줄여 7분 정도 끓여줍니다.']",현미쌀죽,7031466
"['달걀', '핫바', '맛술', '체다치즈', '모짜렐라치즈', '식용유', '파마산치즈가루', '파슬리가루']",,"간단하게 만들 수 있는 계란피자 레시피입니다. 핫바와 치즈를 넣어 더욱 풍부한 맛을 즐길 수 있으며, 맥주 안주로도 좋습니다.","['1. 달걀에 맛술을 넣고 젓가락으로 잘 풀어줍니다.', '2. 핫바를 먹기 좋게 썰어줍니다.', '3. 프라이팬에 식용유를 두르고 달걀물을 부어줍니다.', '4. 달걀 테두리가 익으면 핫바, 모짜렐라 치즈, 체다치즈 순으로 올려줍니다.', '5. 뚜껑을 덮고 약불로 치즈를 녹여줍니다.', '6. 파마산치즈가루와 파슬리가루를 뿌려 완성합니다.']",계란피자,7031465
"['크림치즈', '대파', '베이컨', '꿀', '레몬즙']",,짭짤한 베이컨과 향긋한 대파가 조화로운 베이컨 대파크림치즈 레시피입니다. 베이글에 발라 먹으면 더욱 풍부한 맛을 즐길 수 있습니다.,"['1. 대파를 다져줍니다.', '2. 크림치즈를 부드럽게 풀어줍니다.', '3. 베이컨을 바삭하게 구워 기름을 제거하고 다져줍니다.', '4. 크림치즈에 대파, 베이컨, 꿀, 레몬즙을 넣고 잘 섞어줍니다.']",베이컨 대파크림치즈 베이글,7031464
"['양파', '청양고추', '물', '간장', '설탕', '식초']",,아삭한 양파와 매콤한 청양고추를 간장에 절여 만든 양파장아찌 레시피입니다. 밥반찬이나 술안주로 즐기기 좋습니다.,"['1. 양파를 껍질을 벗기고 씻어 물기를 제거한 후 한 입 크기로 썰어줍니다.', '2. 청양고추를 채 썰어줍니다.', '3. 냄비에 물, 간장, 설탕을 넣고 끓인 후 식초를 넣어줍니다.', '4. 끓인 간장절임물을 식힌 후 유리병에 양파와 청양고추를 담고 부어줍니다.', '5. 상온에 반나절 두었다가 냉장고에 보관합니다.']",양파장아찌,7031463
['무'],,무를 이용해 만든 중기 이유식 레시피입니다. 무의 달콤한 맛과 부드러운 식감은 아기의 입맛을 사로잡고 소화에도 도움을 줄 것입니다.,"['1. 무를 깨끗이 씻어 껍질을 벗긴다.', '2. 무를 잘게 다진다.', '3. 찜기에 무를 넣고 10분 정도 찐다.', '4. 찐 무를 블렌더에 갈아준다.', '5. 큐브에 15g씩 담아 냉동 보관한다.']",무 이유식,7031462
"['마늘종', '물', '간장', '설탕', '식초']",,마늘쫑을 간장에 장아찌로 담가 짭짤하면서도 아삭한 맛을 즐길 수 있는 레시피입니다. 밥반찬이나 술안주로도 좋습니다.,"['1. 마늘쫑을 깨끗이 씻어 끝 부분을 잘라낸다.', '2. 마늘쫑을 5cm 길이로 자른다.', '3. 마늘쫑을 식초를 넣은 물에 잠시 담가 헹궈낸다.', '4. 냄비에 물, 간장, 설탕을 넣고 끓인다.', '5. 끓으면 식초를 넣고 불을 끈다.', '6. 마늘쫑을 용기에 담고 뜨거운 간장물을 부어 식힌다.', '7. 상온에 1~2일 숙성시킨 후 냉장 보관한다.']",간장 마늘쫑 장아찌,7031461
"['떡국떡', '라면', '계란', '물만두', '라조장', '물', '통깨']",,떡국떡을 넣어 더욱 든든하게 즐길 수 있는 매콤한 떡라면 레시피입니다. 라조장을 넣어 칼칼한 맛을 더했습니다.,"['1. 물이 끓으면 라면 스프를 넣는다.', '2. 국물이 끓으면 면을 넣는다.', '3. 면이 반쯤 익으면 떡과 라조장을 넣는다.', '4. 떡이 반쯤 익으면 계란을 넣어 익힌다.']",떡라면,7031460
"['토마토 캔닝', '소고기 다짐육', '순두부', '양파', '팽이버섯', '대파', '다진마늘', '소금', '후추', '올리브유', '굴소스', '설탕', '계란', '참기름']",,토마토 캔닝을 활용하여 끓인 시원하고 개운한 소고기 토마토 순두부 찌개 레시피입니다. 팽이버섯과 대파를 넣어 더욱 풍성하게 즐길 수 있습니다.,"['1. 양파를 잘게 다진다.', '2. 팽이버섯 밑둥을 잘라낸다.', '3. 대파를 잘게 다진다.', '4. 냄비에 올리브유를 두르고 다진 대파와 다진 마늘을 볶는다.', '5. 다진 양파를 넣고 볶는다.', '6. 소고기 다짐육을 넣고 소금, 후추로 간을 한다.', '7. 토마토 캔닝을 넣는다.', '8. 굴소스, 설탕을 넣는다.', '9. 찌개가 끓어오르면 팽이버섯을 넣는다.', '10. 순두부를 넣고 15분간 끓인다.', '11. 다진 대파를 올리고 불을 끈다.']",소고기 토마토 순두부 찌개,7031459
"['토마토', '올리브유', '소금']",,토마토를 오래 보관하고 건강하게 먹을 수 있는 토마토 캔닝 레시피입니다. 캔닝한 토마토는 다양한 요리에 활용할 수 있습니다.,"['1. 토마토를 깨끗이 씻는다.', '2. 토마토에 십자 모양으로 칼집을 낸다.', '3. 끓는 물에 토마토를 2분 정도 데친다.', '4. 찬물에 토마토를 담가 껍질을 제거한다.', '5. 토마토를 잘게 다진다.', '6. 냄비에 다진 토마토를 넣고 끓인다.', '7. 올리브유와 소금을 넣고 15분간 끓인다.', '8. 깨끗한 병에 뜨거운 토마토를 담는다.', '9. 병뚜껑을 닫고 거꾸로 세워 식힌다.']",토마토 캔닝,7031458
"['소면', '두유', '두부', '미숫가루', '소금', '깨']",,두유와 두부를 이용해 간편하게 만들 수 있는 고소한 콩국수 레시피입니다. 더운 날씨에 시원하게 즐기기 좋은 메뉴입니다.,"['1. 믹서기에 두유, 두부, 소금, 미숫가루를 넣고 갈아준다.', '2. 소면을 끓는 물에 4분간 삶는다.', '3. 삶은 소면을 찬물에 헹궈 물기를 제거한다.', '4. 그릇에 소면을 담고 콩물과 얼음을 넣는다.', '5. 깨를 뿌려 마무리한다.']",콩국수,7031457
"['골드키위', '설탕', '시판 레몬즙', '플레인 탄산수']",,키위 콩포트를 이용해 만든 달콤하고 상큼한 키위 에이드 레시피입니다. 탄산수와 함께 더욱 시원하게 즐길 수 있습니다.,"['1. 키위를 껍질을 제거하고 깍둑썰기 한다.', '2. 냄비에 키위와 설탕을 넣고 끓인다.', '3. 끓기 시작하면 약불로 줄이고 15분 조린다.', '4. 레몬즙을 넣고 2분 더 조린다.', '5. 깨끗한 병에 키위 콩포트를 담아 식힌다.', '6. 컵에 얼음을 채우고 키위 콩포트를 넣는다.', '7. 플레인 탄산수를 넣어 마무리한다.']",키위 에이드,7031456
"['오이', '양파', '굵은소금', '된장', '고춧가루', '올리고당', '참기름', '깨', '양조간장', '다진마늘']",,아삭한 오이와 양파를 된장으로 버무려 만든 오이된장무침 레시피입니다. 간단하게 만들 수 있는 밑반찬으로 밥과 술안주에도 잘 어울립니다.,"['1. 오이를 깨끗이 씻고 얇게 썬다.', '2. 양파를 썰어 준비한다.', '3. 된장, 고춧가루, 올리고당, 참기름, 깨, 양조간장, 다진마늘을 섞어 양념을 만든다.', '4. 썬 오이와 양파에 양념을 넣고 버무린다.']",오이된장무침,7031455
"['대추방울토마토', '양파', '건 파슬리가루', '레몬즙', '알룰로스 액상', '올리브유', '소금']",,대추방울토마토를 이용해 새콤달콤하게 즐길 수 있는 마리네이드 레시피입니다. 샐러드나 밑반찬으로 좋습니다.,"['1. 대추방울토마토 꼭지를 제거하고 끓는 물에 데쳐 껍질을 벗긴다.', '2. 양파를 다진다.', '3. 레몬즙, 올리브유, 소금, 알룰로스 액상, 건 파슬리가루를 섞어 양념을 만든다.', '4. 양념에 다진 양파를 넣고 버무린다.', '5. 껍질을 벗긴 대추방울토마토에 양념을 넣고 버무린다.', '6. 20~30분 숙성시킨 후 먹는다.']",대추방울토마토 마리네이드,7031454
"['달걀', '설탕', '꿀', '박력분', '녹차 가루', '아몬드 가루', '초코칩', '버터']",,녹차 가루를 넣어 향긋함을 더한 초코칩 쿠키 레시피입니다. 부드럽고 고소한 맛을 즐길 수 있습니다.,"['1. 버터를 풀고 달걀, 꿀, 설탕을 넣고 섞는다.', '2. 박력분, 녹차 가루, 아몬드 가루를 넣고 섞는다.', '3. 반죽에 초코칩을 넣고 섞는다.', '4. 180도 예열된 오븐에 15분간 굽는다.']",녹차 초코칩 쿠키,7031453
"['참치', '쌀밥', '케찹']",,간단하게 즐길 수 있는 참치 케찹 밥 레시피입니다. 참치와 케찹의 조합은 언제나 옳죠! 밥 한 공기에 참치와 케찹을 넣어 쓱싹 비벼 먹으면 든든하고 맛있는 한 끼 식사가 완성됩니다.,"['1. 밥을 떠준다.', '2. 참치를 적당히 넣는다.', '3. 케찹을 뿌린다.', '4. 섞는다.']",참치 케찹 밥,7031451
"['탈리아텔레 파스타면', '베이컨', '마늘', '올리브유', '우유', '슬라이스 체다치즈', '파마산치즈', '가염버터', '베트남 고추', '소금', '후추', '파슬리', '트러플오일', '순생 나또', '계란 노른자']",,고소한 크림 소스에 트러플 오일과 나또를 더해 풍미를 더한 꾸덕한 트러플크림나또파스타 레시피입니다. 면과 소스가 잘 어우러져 부드럽고 진한 맛을 즐길 수 있습니다.,"['1. 냄비에 물을 담고 소금을 넣어 끓인다.', '2. 마늘과 베이컨을 썰어준다.', '3. 팬에 올리브유를 두르고 마늘, 다진마늘, 베이컨, 베트남고추를 넣고 익힌다.', '4. 팬에 우유, 체다치즈, 파마산치즈, 버터, 후추, 소금을 넣고 끓인다.', '5. 파스타면을 삶아 소스팬에 옮긴다.', '6. 면수를 넣고 졸인다.', '7. 나또를 섞는다.', '8. 파스타를 접시에 담고 나또, 노른자, 트러플오일을 올린다.']",꾸덕한 트러플크림나또파스타,7031450
"['오이지', '대파', '다진마늘', '고춧가루', '알룰로스', '들기름', '통깨', '소금']",,새콤하고 아삭한 오이지무침은 더운 여름철 입맛을 돋우는 최고의 반찬입니다. 밥과 함께 먹으면 더욱 맛있게 즐길 수 있습니다.,"['1. 오이지를 썰어 물에 담가 우려낸다.', '2. 오이지를 짜준다.', '3. 대파를 다진다.', '4. 오이지, 대파, 다진마늘, 고춧가루, 알룰로스, 들기름, 통깨, 소금을 넣고 무친다.']",오이지무침,7031449
"['감자', '베이컨', '양파', '물', '식용유', '진간장', '설탕', '매운고춧가루']",,감자와 베이컨을 매콤하게 볶아 만든 밥반찬입니다. 간단하지만 맛있어서 든든한 한 끼 식사를 책임져줄 수 있습니다.,"['1. 감자를 깍둑썰기한다.', '2. 양파를 깍둑썰기한다.', '3. 베이컨을 썰어준다.', '4. 팬에 식용유를 두르고 감자를 볶는다.', '5. 물을 넣고 끓인다.', '6. 베이컨을 넣고 볶는다.', '7. 설탕, 진간장, 고춧가루를 넣고 볶는다.', '8. 양파를 넣고 볶는다.']",매콤감자베이컨볶음,7031448
"['애호박', '브로콜리', '당근', '양파', '파프리카', '계란', '현미곤약 밥', '올리브유', '다진마늘', '소금', '후추가루', '참기름', '통깨']",,냉장고에 있는 짜투리 채소들을 활용해 만든 채소계란볶음밥입니다. 다양한 채소를 넣어 영양 만점! 든든하고 맛있는 한 끼 식사로 좋습니다.,"['1. 채소를 다져준다.', '2. 밥을 풀어준다.', '3. 팬에 올리브유를 두르고 다진마늘을 볶는다.', '4. 채소를 넣고 볶다가 밥을 넣고 섞는다.', '5. 계란을 넣고 소금, 후추를 뿌려 볶는다.', '6. 참기름을 넣고 섞는다.']",채소계란볶음밥,7031447
"['애호박', '당근', '두부', '두부면', '깻잎', '라이스페이퍼', '소금', '진간장', '생강술', '올리고당', '후추가루', '올리브유']",,두부면과 두부스틱을 활용해 만든 건강한 월남쌈입니다. 채소와 함께 쌈으로 먹으면 더욱 든든하고 맛있게 즐길 수 있습니다.,"['1. 애호박을 채 썰어 소금에 절인 후 볶는다.', '2. 당근을 채 썰어 볶는다.', '3. 두부를 스틱 모양으로 썰어 소금을 뿌린 후 굽는다.', '4. 두부면을 찬물에 담가 씻은 후 양념에 볶는다.', '5. 깻잎을 채 썬다.', '6. 라이스페이퍼에 재료를 올려 말아준다.']",두부면과 두부스틱 월남쌈,7031446
"['우유', '딸기청', '딸기', '크림', '시리얼', '얼음', '설탕', '레몬즙']",,상큼하고 달콤한 딸기 음료입니다. 딸기청을 만들어 시원하게 즐기면 더욱 맛있습니다.,"['1. 딸기를 썰어 설탕, 레몬즙과 섞어 딸기청을 만든다.', '2. 컵에 딸기청을 넣는다.', '3. 우유를 붓는다.', '4. 크림, 시리얼, 딸기를 장식한다.']",딸기음료,7031445
"['순두부', '물', '다시마', '어간장', '국간장', '다진 마늘', '다진 대파']",,부드러운 순두부와 계란을 넣어 만든 순두부 달걀탕입니다. 간단하지만 든든하고 맛있는 국물 요리입니다.,"['1. 냄비에 물, 어간장, 국간장, 다시마를 넣고 끓인다.', '2. 순두부, 다진 마늘을 넣고 끓인다.', '3. 계란을 풀어 넣는다.', '4. 다진 대파를 넣는다.']",순두부 달걀탕,7031444
"['쌀', '물', '쯔유', '액젓', '다시마가루', '버터', '백명란', '버섯', '다진 마늘', '쪽파', '계란']",,고소한 명란과 버섯을 넣어 만든 명란솥밥입니다. 냄비 하나로 간편하게 만들 수 있어 더욱 좋습니다.,"['1. 쌀, 물, 쯔유, 액젓, 다시마가루를 넣고 10분간 재운다.', '2. 버섯을 썬다.', '3. 버터에 백명란을 굽는다.', '4. 버터기름에 다진 마늘과 버섯을 볶는다.', '5. 냄비에 쌀을 넣고 끓인 후 뜸을 들인다.', '6. 쪽파를 썰어 솥밥에 올리고 명란을 올린다.', '7. 계란 노른자를 올린다.']",명란솥밥,7031443
"['옥수수', '버터', '소금', '설탕']",,"달콤하고 고소한 옥수수버터구이입니다. 아이들 간식으로도 좋고, 맥주 안주로도 즐기기 좋습니다.","['1. 옥수수를 쪄준다.', '2. 팬에 버터를 녹이고 소금, 설탕을 넣는다.', '3. 옥수수를 넣고 버터를 입혀 구워준다.']",옥수수버터구이,7031442
"['라면', '라면스프', '대파', '어묵', '물', '고추장', '설탕', '간장', '고춧가루']",,매콤달콤한 라볶이는 누구나 좋아하는 분식 메뉴입니다. 라면과 떡을 넣고 볶아 만든 라볶이는 간단하게 만들 수 있어 집에서도 쉽게 즐길 수 있습니다.,"['1. 파와 어묵을 썰어 준비한다.', '2. 파를 냄비에 넣고 물 700ml를 넣어 끓인다.', '3. 설탕, 간장, 고추장, 라면스프를 넣는다.', '4. 어묵을 넣고 끓인다.', '5. 떡을 넣고 끓인다.', '6. 고춧가루를 넣고 3분 정도 끓인다.', '7. 라면을 넣고 끓인 후 마무리한다.']",라볶이,7031441
"['미역', '소고기', '들기름', '다진마늘', '쌀뜨물', '국간장', '참치액']",,진하고 구수한 국물이 일품인 소고기 미역국은 든든한 한 끼 식사로 제격입니다. 특히 쌀뜨물을 사용하면 더욱 뽀얀 국물을 낼 수 있습니다.,"['1. 미역을 물에 불린다.', '2. 소고기를 키친타올로 핏물을 제거한다.', '3. 팬에 들기름, 다진마늘을 넣고 소고기를 볶는다.', '4. 불린 미역을 헹궈 썰어준다.', '5. 볶은 소고기에 미역을 넣고 볶는다.', '6. 쌀뜨물을 넣고 30분간 끓인다.', '7. 국간장, 참치액을 넣고 간을 맞춘다.']",소고기미역국,7031440
"['휘핑크림', '설탕', '얼음', '우유', '에스프레소', '구운 마시멜로우']",,달콤하고 부드러운 마시멜로우 크림라떼는 커피와 마시멜로우의 조화가 환상적인 음료입니다. 휘핑크림을 듬뿍 올려 더욱 풍성하게 즐겨보세요.,"['1. 저그에 휘핑크림과 설탕을 넣고 휘핑한다.', '2. 컵에 얼음을 넣는다.', '3. 우유를 넣는다.', '4. 에스프레소 2샷을 추출한다.', '5. 에스프레소 위에 휘핑크림을 올린다.', '6. 마시멜로우를 올려 마무리한다.']",마시멜로우 크림라떼,7031438
"['가지', '대파', '국간장', '참치액젓', '다진마늘', '고춧가루', '참기름', '깨']",,"가지를 쪄서 만들어 더욱 부드럽고 맛있는 가지무침입니다. 간장, 참치액젓, 고춧가루 등으로 양념하여 밥반찬으로 즐기기 좋습니다.","['1. 가지를 씻어 3등분하여 길쭉하게 자른다.', '2. 찜기에 가지를 넣고 3~4분간 찐다.', '3. 찐 가지를 식혀 물기를 짠다.', '4. 볼에 가지를 담고 양념을 넣어 무친다.']",가지무침,7031437
"['배추', '물', '소금', '황태', '다시마', '밀가루', '육수', '건고추', '홍고추', '양파', '생강', '마늘', '무', '고춧가루', '새우젓', '멸치액젓', '까나리액젓', '설탕', '조미료', '쪽파']",,"더운 여름에도 맛있게 먹을 수 있는 여름김치 레시피입니다. 배추를 싱싱하게 절이고, 다양한 재료를 넣어 시원하고 매콤한 맛을 냅니다.","['1. 황태와 다시마를 넣고 육수를 끓인다.', '2. 육수를 식힌다.', '3. 건고추를 물에 불린다.', '4. 배추 겉잎을 떼어내고 반으로 가른 후 4등분한다.', '5. 배추 밑둥을 잘라내고 먹기 좋은 크기로 썬다.', '6. 배추를 물에 씻고 체에 받쳐 물기를 뺀다.', '7. 물과 소금을 넣어 소금물을 만든다.', '8. 배추를 소금물에 절인다.', '9. 밀가루를 넣고 풀을 쑤어 식힌다.', '10. 건고추, 홍고추, 무, 양파, 생강, 새우젓을 믹서에 갈아준다.', '11. 갈은 재료에 고춧가루, 마늘, 설탕, 조미료를 넣고 섞는다.', '12. 쪽파를 썰어준다.', '13. 절인 배추를 헹궈 물기를 뺀다.', '14. 배추에 양념을 버무린다.', '15. 쪽파를 넣고 버무린다.', '16. 김치를 용기에 담아 실온 보관 후 냉장 보관한다.']",여름김치,7031436
"['순두부', '진간장', '국간장', '참기름', '설탕', '대파', '양파', '홍고추', '깨']",,"부드러운 순두부에 간장, 국간장, 참기름 등을 넣어 만든 순두부장입니다. 간단하게 만들 수 있으면서도 맛이 좋아 밥반찬으로 즐기기 좋습니다.","['1. 순두부를 그릇에 담는다.', '2. 간장, 국간장, 설탕, 참기름, 참깨, 물을 섞어 순두부에 붓는다.', '3. 양파, 대파, 홍고추를 다져 올린다.', '4. 1~2시간 숙성시킨다.']",순두부장,7031435
"['순두부', '계란', '냉동새우', '물', '다진마늘', '식용유', '참치액']",,얼큰하고 시원한 국물이 매력적인 얼큰 계란 순두부국입니다. 새우와 계란을 넣어 더욱 풍성하고 든든하게 즐길 수 있습니다.,"['1. 순두부를 먹기 좋은 크기로 자른다.', '2. 냉동 새우를 해동한다.', '3. 계란을 푼다.', '4. 해동된 새우를 다진다.', '5. 냄비에 식용유를 두르고 다진 마늘을 볶아 고추기름을 만든다.', '6. 물을 넣고 끓인 후 참치액을 넣어 간을 맞춘다.', '7. 순두부와 새우를 넣고 끓인다.', '8. 계란을 넣고 끓인 후 마무리한다.']",얼큰 계란 순두부국,7031434
"['샐러리', '파인애플', '레몬', '물']",,"샐러리, 파인애플, 레몬을 넣어 만든 샐러리 주스는 건강과 다이어트에 좋은 음료입니다. 상큼하고 깔끔한 맛으로 부담 없이 즐길 수 있습니다.","['1. 샐러리를 씻는다.', '2. 샐러리를 적당한 크기로 자른다.', '3. 믹서에 샐러리, 파인애플, 레몬즙, 물을 넣고 갈아준다.']",샐러리 주스,7031433
"['김치', '사골곰탕', '쪽파', '양파', '청양고추']",,진하고 구수한 사골육수를 사용하여 더욱 깊은 맛을 낸 김치찌개입니다. 칼칼하고 매콤한 맛으로 밥도둑입니다.,"['1. 김치를 먹기 좋은 크기로 자른다.', '2. 웍에 김치와 사골곰탕을 넣고 끓인다.', '3. 쪽파, 양파, 청양고추를 썰어 준비한다.']",사골육수 김치찌개,7031432
"['두부', '청양고추', '대파', '간장', '맛술', '올리고당', '설탕', '후추']",,"간장, 맛술, 올리고당 등으로 양념하여 만든 두부조림은 짭짤하면서도 달콤한 맛이 일품입니다. 밥반찬으로 즐기기 좋습니다.","['1. 두부를 먹기 좋은 크기로 자르고 키친타올로 물기를 제거한다.', '2. 팬에 기름을 두르고 두부를 굽는다.', '3. 대파, 청양고추를 썰어준다.', '4. 간장, 맛술, 올리고당, 설탕, 후추를 섞어 양념장을 만든다.', '5. 양념장에 대파와 청양고추를 넣고 섞는다.', '6. 구운 두부 위에 양념장을 붓고 1분 정도 끓인 후 불을 끈다.']",두부조림,7031431
"['토마토', '바나나', '꿀', '물']",,"토마토와 바나나를 믹서에 갈아 만든 상큼하고 달콤한 토마토바나나주스 레시피입니다. 식사 대용으로도 좋으며, 꿀이나 설탕을 첨가하여 취향에 따라 맛을 조절할 수 있습니다.","['1. 토마토를 씻어 꼭지를 제거한다.', '2. 바나나를 썰어준다.', '3. 믹서에 토마토, 바나나, 꿀, 물을 넣고 갈아준다.', '4. 취향에 따라 설탕, 알룰로스 또는 스테비아를 추가할 수 있다.']",토마토주스,7031430
"['두부', '새송이버섯', '깻잎', '슬라이스치즈', '계란', '올리브유', '진간장', '식초', '알룰로스', '참기름']",,"밀가루 없이 깻잎, 두부, 새송이버섯, 슬라이스치즈를 이용하여 만든 건강하고 든든한 깻잎두부전 레시피입니다. 다이어트 식단에도 적합하며, 간장, 식초, 알룰로스, 참기름으로 간을 해 더욱 풍미를 더했습니다.","['1. 두부를 물기를 제거하고 썰어준다.', '2. 프라이팬에 올리브유를 두르고 두부를 굽는다.', '3. 새송이버섯을 썰어 굽는다.', '4. 깻잎에 두부, 슬라이스치즈, 새송이버섯을 올리고 돌돌 말아준다.', '5. 계란물에 말아놓은 깻잎을 적셔준다.', '6. 프라이팬에 올리브유를 두르고 깻잎두부전을 노릇하게 구워준다.']",깻잎두부전,7031429
"['감자', '슬라이스치즈']",,"간단하고 든든한 간식으로 즐길 수 있는 찐 감자 레시피입니다. 포슬포슬하게 쪄낸 감자는 그 자체로 맛있지만, 슬라이스 치즈를 곁들여 더욱 풍부한 맛을 즐길 수 있습니다.","['1. 감자를 씻어준다.', '2. 냄비에 물을 넣고 찜기를 올려 감자를 20분간 찐다.', '3. 감자를 반으로 잘라준다.', '4. 찐 감자에 슬라이스 치즈를 올려 먹는다.']",감자,7031428
"['닭다리살', '우유', '통마늘', '참기름', '진간장', '맛술', '설탕', '굴소스', '올리고당', '후추']",,"닭다리살을 우유에 재워 잡내를 제거하고, 진간장, 맛술, 설탕, 굴소스, 올리고당 등으로 만든 양념장에 볶아 만든 닭다리살 간장조림 레시피입니다. 간단하게 만들 수 있으며 든든하고 맛있는 메인 요리로 즐길 수 있습니다.","['1. 닭다리살을 우유에 20~30분간 재운다.', '2. 진간장, 맛술, 설탕, 굴소스, 올리고당, 후추를 섞어 양념장을 만든다.', '3. 닭다리살을 찬물로 헹궈준다.', '4. 프라이팬에 닭다리살을 굽는다.', '5. 닭다리살을 먹기 좋은 크기로 자른다.', '6. 양념장을 넣고 닭다리살을 졸여준다.', '7. 참기름을 넣고 볶아 마무리한다.']",닭다리살 간장조림,7031427
"['닭고기', '마늘', '토마토', '피망', '호박', '양파', '감자', '느타리버섯', '생바질', '하이볼', '고추장', '고춧가루', '진간장']",,"닭고기, 마늘, 토마토, 피망, 호박, 양파, 감자, 느타리버섯, 생바질 등을 넣고 하이볼, 고추장, 고춧가루, 진간장으로 양념하여 끓여낸 닭볶음 레시피입니다. 매콤하면서도 깊은 맛을 내는 한 끼 식사로 제격입니다.","['1. 닭고기를 끓는 물에 데쳐 씻는다.', '2. 마늘, 채소들을 썰어준다.', '3. 닭고기에 하이볼을 넣고 섞는다.', '4. 감자를 볶는다.', '5. 고추장, 고춧가루, 진간장을 섞어 양념을 만든다.', '6. 닭고기, 양념, 마늘, 생바질, 물을 넣고 끓인다.', '7. 양파, 호박, 토마토, 피망을 순서대로 넣고 끓인다.', '8. 간을 보고 필요에 따라 소금을 추가한다.']",닭볶음,7031426
"['깻잎', '양파', '청량고추', '대파', '굵은 소금', '느타리버섯', '진간장', '원당', '다진마늘', '식초']",,"싱싱한 깻잎을 소금에 절여, 양파, 청량고추, 대파, 느타리버섯, 진간장, 원당, 다진 마늘, 식초를 넣어 장아찌를 담근 레시피입니다. 밥반찬으로 즐기기 좋은 깻잎장아찌는 오래 두고 먹을 수 있는 밑반찬입니다.","['1. 깻잎을 씻는다.', '2. 청량고추, 양파, 대파를 채 썬다.', '3. 소금을 녹인 물에 깻잎을 3시간 동안 담근다.', '4. 깻잎을 건져 물기를 제거한다.', '5. 썰어놓은 야채, 버섯, 다진마늘, 진간장, 원당, 생수를 넣고 끓인다.', '6. 식초를 넣고 식힌다.', '7. 깻잎에 장물을 부어 냉장고에 보관한다.']",깻잎장아찌,7031425
"['할라피뇨', '피클초', '생수']",,할라피뇨를 피클초에 담가 만든 간단하고 매콤한 피클 레시피입니다. 베이킹소다를 이용하여 할라피뇨를 깨끗하게 씻어주면 더욱 깔끔하게 즐길 수 있습니다.,"['1. 할라피뇨를 깨끗이 씻는다.', '2. 할라피뇨를 한입 크기로 썬다.', '3. 유리병에 할라피뇨를 담는다.', '4. 피클초와 생수를 섞어 유리병에 부어준다.', '5. 남은 피클초로 피망 피클을 만들 수 있다.']",피클,7031424
"['마늘', '토마토', '생바질', '소고기', '피망', '밥', '하이볼', '진간장', '후춧가루', '치즈가루']",,"마늘, 토마토, 생바질, 소고기, 피망, 밥을 넣고 하이볼, 진간장으로 간을 하여 볶아 만든 소고기 토마토 리조또 레시피입니다. 후추와 치즈가루를 뿌려 더욱 풍부한 맛을 즐길 수 있습니다.","['1. 마늘을 다진다.', '2. 프라이팬에 마늘을 볶는다.', '3. 토마토와 생바질을 넣고 볶는다.', '4. 소고기를 썰어 넣고 하이볼, 진간장을 넣고 볶는다.', '5. 피망과 밥을 넣고 볶는다.', '6. 졸이다가 수분이 없어지면 불을 끄고 후추, 치즈가루를 뿌린다.']",소고기 토마토 리조또,7031423
"['냉면사리', '시판용 냉면육수', '오이', '삶은 달걀', '통깨', '연겨자', '고추장', '고춧가루', '매실청', '식초', '참기름']",,"시판 냉면육수와 냉면 사리를 이용하여 간단하게 만들 수 있는 물냉면 레시피입니다. 오이, 삶은 달걀, 다대기, 연겨자를 곁들여 더욱 풍성하게 즐길 수 있습니다.","['1. 냄비에 물을 끓이고 계란을 삶는다.', '2. 냉면 사리를 삶는다.', '3. 삶은 냉면 사리를 찬물에 헹궈준다.', '4. 오이를 채 썰고 삶은 계란을 반으로 자른다.', '5. 고추장, 고춧가루, 매실청, 식초, 참기름을 섞어 다대기를 만든다.', '6. 그릇에 냉면 사리를 담고 냉면육수를 부은 후 오이, 삶은 달걀, 다대기, 연겨자, 통깨를 올린다.']",물냉면,7031422
"['노각', '멸치액젓', '참치액젓', '식초', '매실청', '통깨', '다진 마늘', '청양고추', '냉수', '얼음']",,"시원하고 개운한 맛을 즐길 수 있는 노각 냉국 레시피입니다. 멸치액젓, 참치액젓, 식초, 매실청, 통깨, 다진 마늘, 청양고추를 넣어 감칠맛을 더했습니다.","['1. 노각을 씻고 껍질을 벗겨 씨를 제거한다.', '2. 노각을 얇게 슬라이스 한다.', '3. 노각에 멸치액젓, 참치액젓, 식초, 매실청, 통깨, 다진 마늘, 청양고추를 넣고 버무려 냉장고에 보관한다.', '4. 냉장고에서 꺼낸 노각에 냉수를 붓고 저어준다.', '5. 그릇에 담아 얼음을 넣어 먹는다.']",노각 냉국,7031421
"['노각', '소금', '고춧가루', '고추장', '다진 마늘', '식초', '매실청', '참기름', '통깨']",,아삭하고 시원한 노각을 매콤달콤하게 무친 밑반찬입니다. 쌉쌀한 노각의 맛과 매콤한 양념이 조화롭게 어우러져 입맛을 돋우는 최고의 곁들임 음식입니다.,"['1. 노각 껍질을 벗겨 씨를 제거하고 0.5cm 두께로 썰어 소금에 절인다.', '2. 고춧가루, 고추장, 다진 마늘, 식초, 매실청, 참기름, 통깨를 넣고 양념을 만든다.', '3. 절인 노각을 씻어 물기를 빼고 양념에 버무린다.']",노각 무침,7031420
"['밥', '참치', '햄', '단무지', '마요네즈', '김자반']",,"간단하게 한 끼 식사를 해결할 수 있는 햄참치주먹밥입니다. 짭짤한 햄과 고소한 참치, 아삭한 단무지의 조화가 맛있습니다.","['1. 햄을 잘게 썰어 기름에 볶는다.', '2. 참치 기름을 짜서 준비한다.', '3. 단무지를 잘게 썰어 준비한다.', '4. 밥에 마요네즈를 넣고 섞는다.', '5. 밥, 참치, 햄, 단무지를 섞어 둥글게 빚는다.', '6. 김자반을 묻혀 완성한다.']",햄참치주먹밥,7031419
"['마늘', '쪽파', '고추장', '고춧가루', '진간장', '매실액', '참기름', '통깨']",,"매콤한 고추장 양념으로 버무린 마늘 무침입니다. 밥도둑으로 즐기거나, 쌈 채소와 함께 곁들여 먹으면 더욱 맛있습니다.","['1. 쪽파를 송송 썰어 준비한다.', '2. 마늘을 전자레인지에 3분간 돌린다.', '3. 고추장, 고춧가루, 진간장, 매실액, 참기름을 넣고 양념을 만든다.', '4. 마늘을 양념에 넣고 쪽파, 통깨를 넣고 버무린다.']",고추장 마늘 무침,7031418
"['가지', '버터', '쪽파', '진간장', '굴소스', '올리고당', '다진마늘', '물']",,부드러운 가지를 버터와 간장으로 조려낸 맛있는 가지조림입니다. 달콤짭짤한 양념이 가지와 잘 어우러져 남녀노소 누구나 좋아하는 밑반찬입니다.,"['1. 가지를 2cm 두께로 썰어 칼집을 낸다.', '2. 쪽파를 잘게 썰어 준비한다.', '3. 진간장, 굴소스, 올리고당, 다진 마늘, 물을 넣고 양념을 만든다.', '4. 팬에 버터를 넣고 가지를 굽는다.', '5. 양념을 넣고 조려 완성한다.', '6. 쪽파와 통깨를 뿌려 마무리한다.']",가지조림,7031417
"['스팸', '초밥용유부', '김밥용단무지', '밥', '소금', '참기름', '김밥용김']",,"고소한 스팸과 부드러운 유부의 조합이 일품인 스팸유부김밥입니다. 간단하게 만들 수 있는 김밥으로, 든든한 한 끼 식사나 간식으로 좋습니다.","['1. 스팸을 스틱 모양으로 자른다.', '2. 유부 물기를 제거하고 채 썬다.', '3. 스팸을 기름 없이 굽는다.', '4. 스팸을 구운 팬에 유부를 넣고 볶는다.', '5. 밥에 소금, 참기름을 넣고 버무린다.', '6. 김 위에 밥, 유부, 스팸, 단무지를 올리고 김밥을 말아 완성한다.']",스팸유부김밥,7031416
"['깐메추리알', '닭가슴살', '닭가슴살 삶은 육수', '간장', '올리고당', '미림', '다진생강', '물', '대파', '양파', '마늘', '통후추', '다시마']",,"퍽퍽한 닭가슴살을 부드럽고 맛있게 즐길 수 있는 닭가슴살 장조림입니다. 멸치 다시마 육수를 사용하여 더욱 깊은 맛을 냈습니다. 든든한 단백질 식사로, 아이들 반찬으로도 좋습니다.","['1. 냄비에 물, 대파, 양파, 마늘, 통후추, 다시마를 넣고 닭가슴살을 삶는다.', '2. 삶은 닭가슴살을 찢어 준비한다.', '3. 냄비에 깐메추리알, 닭가슴살, 간장, 미림, 올리고당, 닭육수, 다진생강을 넣고 끓인다.']",닭가슴살장조림,7031415
"['두부', '호박', '양파', '팽이버섯', '중멸치', '건표고버섯', '꽈리고추', '홍고추', '된장', '고추장', '다진마늘', '표고버섯 우린물', '코인육수', '베이킹소다', '식초']",,"구수하고 든든한 두부 강된장과 쌉쌀한 호박잎의 조합은 최고의 맛을 선사합니다. 멸치와 표고버섯으로 깊은 맛을 더하고, 쌈 채소와 함께 즐기면 더욱 건강한 한 끼 식사가 됩니다.","['1. 호박잎을 찜통에 쪄낸다.', '2. 호박, 양파, 팽이버섯, 건표고버섯, 꽈리고추, 홍고추를 잘게 썬다.', '3. 냄비에 멸치를 볶다가 야채, 표고버섯, 코인육수, 표고버섯 우린물을 넣고 끓인다.', '4. 된장, 고추장을 넣고 끓인 후 팽이버섯, 두부를 넣고 끓인다.', '5. 다진 마늘을 넣고 마무리한다.']",두부 강된장,7031414
"['도토리묵', '시판 냉면육수', '신 김치', '오이', '상추', '김자반', '설탕', '참기름', '깨소금']",,"시원한 냉면육수에 탱글탱글한 도토리묵과 신김치, 오이를 곁들여 먹는 여름철 별미 음식입니다. 간단하게 만들 수 있지만 깊은 풍미와 시원함으로 더위를 날려줍니다.","['1. 도토리묵을 채 썬다.', '2. 냉면육수를 미리 얼려 살얼음을 만든다.', '3. 오이를 채 썰고 상추를 썰어 준비한다.', '4. 김치를 썰어 설탕, 참기름으로 밑간한다.', '5. 그릇에 김치, 오이, 상추, 김자반, 도토리묵을 담고 냉면육수를 부어 완성한다.']",묵사발,7031413
"['알배추', '쪽파', '굵은소금', '물', '양파', '생강', '홍고추', '찬밥', '배음료', '고춧가루', '멸치액젓', '매실액', '설탕', '새우젓', '다진마늘']",,"풀을 쑤지 않고 간편하게 만들 수 있는 여름 김치입니다. 알배추와 쪽파를 사용하여 아삭하고 시원한 맛을 냅니다. 찬밥, 배음료, 매실액 등을 넣어 더욱 풍미를 더했습니다.","['1. 알배추를 썰어 소금에 절인다.', '2. 양파, 생강, 홍고추, 찬밥, 배음료를 믹서에 갈아 양념 재료와 함께 섞는다.', '3. 절인 배추를 헹궈 물기를 빼고 양념에 버무려 김치통에 담아 냉장 보관한다.']",여름맛김치,7031412
"['배추', '대파', '양파', '고추가루', '마늘', '물엿', '들기름', '매실청', '참치액젓', '생강']",,"아삭하고 신선한 배추를 매콤달콤하게 버무린 겉절이입니다. 즉석으로 만들어 먹는 겉절이는 싱싱하고 맛있습니다. 밥과 함께 먹거나, 고기와 곁들여 먹으면 더욱 맛있습니다.","['1. 배추를 씻어 한입 크기로 썰고 소금에 절인다.', '2. 양파, 대파를 썰어 준비한다.', '3. 고추가루, 마늘, 물엿, 참치액젓을 넣고 양념을 만든다.', '4. 절인 배추를 씻어 물기를 빼고 양념에 버무린다.', '5. 들기름을 넣고 버무려 완성한다.']",배추겉절이,7031411
"['집된장', '시판된장', '우렁', '두부', '애호박', '양파', '감자', '청양고추', '대파', '다진마늘', '멸치육수', '참치액젓', '소금']",,"집된장과 시판된장을 사용하여 구수하고 깊은 맛을 낸 우렁된장찌개 레시피입니다. 우렁, 두부, 애호박, 감자, 양파 등 다양한 채소를 넣어 건강하고 든든한 한 끼 식사를 즐길 수 있습니다.","['1. 우렁을 끓는 물에 데쳐 흐르는 물에 씻는다.', '2. 멸치육수에 집된장과 시판된장을 풀어 넣는다.', '3. 양파와 감자를 넣고 끓인다.', '4. 애호박, 우렁, 다진 마늘을 넣는다.', '5. 두부, 청양고추, 대파를 넣는다.', '6. 참치액젓과 소금으로 간을 맞춘다.']",우렁된장찌개,7031410
"['가지', '스테이크 소스', '녹인 버터']",,가지를 스테이크처럼 구워 고급스럽고 간단하게 즐길 수 있는 레시피입니다. 스테이크 소스와 녹인 버터를 곁들여 더욱 풍부한 맛을 냅니다.,"['1. 스테이크 소스와 녹인 버터를 섞어 소스를 만든다.', '2. 가지를 반으로 가르고 칼집을 낸다.', '3. 가지에 소스를 바른다.', '4. 에어프라이어에 180도로 15분 정도 굽는다.', '5. 구워진 가지를 접시에 담아 완성한다.']",가지스테이크,7031409
"['용과', '칼슘파우더 또는 식초']",,용과를 예쁘게 썰어 플레이팅하는 방법을 소개합니다. 껍질을 그릇처럼 활용하여 더욱 멋스럽게 연출할 수 있습니다.,"['1. 용과를 식초나 칼슘파우더로 깨끗이 씻는다.', '2. 용과의 뿔 부분을 가위로 잘라낸다.', '3. 용과의 양쪽 꼭지를 칼로 잘라낸다.', '4. 용과를 반으로 자른다.', '5. 반으로 자른 용과를 다시 세로로 잘라 한입 크기로 만든다.', '6. 껍질과 과육을 분리한다.', '7. 과육을 0.7-1cm 간격으로 슬라이스한다.', '8. 슬라이스한 과육을 엇갈리게 담아 플레이팅한다.']",용과,7031408
"['가지', '식용유', '통깨', '후춧가루', '밥', '계란', '대파', '풋고추', '된장', '진간장', '맛술', '설탕', '물']",,백종원 레시피를 활용하여 만든 된장소스 가지덮밥입니다. 구운 가지에 달콤짭짤한 된장소스를 곁들여 밥과 함께 맛있게 즐길 수 있습니다.,"['1. 가지를 씻어 양쪽 끝을 자르고 1cm 두께로 어슷 썰어 준비한다.', '2. 풋고추와 대파를 잘게 썬다.', '3. 된장, 진간장, 맛술, 설탕, 물, 대파, 풋고추를 넣고 양념장을 만든다.', '4. 팬에 식용유를 두르고 가지를 앞뒤로 노릇하게 굽는다.', '5. 구운 가지에 된장소스를 뿌리고 30초간 끓인다.', '6. 밥 위에 된장 가지볶음, 계란후라이, 대파를 올린다.', '7. 통깨와 후춧가루를 뿌려 완성한다.']",가지덮밥,7031407
"['옥수수캔', '양파', '버터', '마요네즈', '설탕', '모짜렐라치즈', '파슬리가루']",,"옥수수콘을 활용하여 간단하게 만들 수 있는 콘치즈 레시피입니다. 버터, 마요네즈, 모짜렐라 치즈를 더해 고소하고 부드러운 맛을 냅니다.","['1. 옥수수캔의 물기를 제거한다.', '2. 양파를 잘게 썬다.', '3. 팬에 버터를 녹이고 옥수수와 양파를 볶는다.', '4. 마요네즈와 설탕을 넣고 볶는다.', '5. 팬에 옥수수를 평평하게 깔고 모짜렐라치즈를 뿌린다.', '6. 뚜껑을 덮고 치즈가 녹을 때까지 익힌다.', '7. 파슬리가루를 뿌려 완성한다.']",콘치즈,7031406
"['오이고추', '고춧가루', '다진마늘', '된장', '참기름', '올리고당', '통깨']",,아삭한 오이고추와 구수한 된장의 조합이 일품인 오이고추된장무침 레시피입니다. 간단하게 만들어 밑반찬으로 즐기기 좋습니다.,"['1. 오이고추를 깨끗이 씻고 꼭지를 제거한 후 큼지큼직하게 썬다.', '2. 고춧가루, 다진마늘, 된장, 참기름, 올리고당, 통깨를 넣고 양념장을 만든다.', '3. 썬 오이고추에 양념장을 넣고 잘 버무린다.']",오이고추된장무침,7031405
"['고사리', '식용유', '국간장', '참치액', '다진마늘', '다진파', '들기름', '깨']",,말린 고사리를 삶아 볶아 만든 고사리나물볶음 레시피입니다. 쓴맛과 아린 맛을 제거하여 부드럽고 맛있게 즐길 수 있습니다.,"['1. 건고사리를 물에 불린 후 삶는다.', '2. 삶은 고사리를 물에 헹구고 물기를 제거한다.', '3. 고사리를 먹기 좋게 자른다.', '4. 고사리에 국간장, 참치액, 다진마늘, 다진파를 넣고 버무린다.', '5. 팬에 식용유를 두르고 양념한 고사리를 볶는다.', '6. 들기름, 송송 썬 파, 깨를 넣고 볶아 완성한다.']",고사리나물볶음,7031404
"['검은콩', '물', '진간장', '물엿', '설탕', '참기름', '깨']",,"검은콩을 삶아 조려 만든 콩자반 레시피입니다. 진간장, 물엿, 설탕, 참기름을 넣어 달콤짭짤하면서도 고소한 맛을 냅니다.","['1. 검은콩을 씻어 물에 불린다.', '2. 불린 검은콩을 물과 함께 냄비에 넣고 10분간 끓인다.', '3. 끓는 동안 거품을 제거한다.', '4. 진간장, 설탕을 넣고 졸인다.', '5. 물엿, 참기름을 넣고 마무리한다.', '6. 깨를 뿌려 완성한다.']",콩자반,7031403
"['오이지', '다진마늘', '다진대파', '고춧가루', '설탕', '참기름', '깨']",,잘 절여진 오이지를 활용하여 매콤새콤하게 무쳐 먹는 오이지무침 레시피입니다. 간단하게 만들어 밑반찬으로 즐기기 좋습니다.,"['1. 오이지를 씻어 물기를 빼고 썰어 준비한다.', '2. 다진마늘, 다진대파, 고춧가루, 설탕을 넣고 버무린다.', '3. 참기름과 깨를 넣고 마무리한다.']",오이지무침,7031402
"['오이', '물엿', '천일염', '식초', '소주']",,"물엿을 사용하여 빠르고 간편하게 오이지를 담그는 레시피입니다. 3일 후 바로 먹을 수 있으며, 일주일 정도 더 숙성시키면 더욱 꼬독꼬독하게 즐길 수 있습니다.","['1. 오이를 깨끗이 씻고 꼭지를 제거한다.', '2. 오이를 밀폐용기에 담는다.', '3. 물엿, 천일염, 식초, 소주를 넣고 섞는다.', '4. 뚜껑을 덮고 3일 동안 상온에서 숙성시킨다.', '5. 3일 후 바로 먹거나 일주일 더 숙성시켜 먹는다.']",오이지,7031401
"['파스타', '올리브유', '토마토소스', '생크림', '우유', '새우', '베이컨', '통마늘', '치킨스톡', '소금', '후추', '이탈리안 허브믹스', '파르미지아노레지아노치즈']",,새콤달콤한 로제 소스에 탱글탱글한 새우와 베이컨이 어우러진 맛있는 새우 로제 파스타 레시피입니다. 부드러운 크림과 우유의 조합은 더욱 풍부한 풍미를 더해줍니다.,"['1. 통마늘을 편 썰고 베이컨은 2cm 두께로 썰어줍니다.', '2. 새우는 해동하여 물기를 제거합니다.', '3. 파스타면을 7분간 삶습니다.', '4. 팬에 올리브유를 두르고 편마늘을 볶아줍니다.', '5. 마늘이 노릇해지면 베이컨과 새우를 넣고 익을 때까지 볶아줍니다.', '6. 새우가 익으면 잠시 꺼내두고, 토마토소스, 생크림, 우유를 넣고 잘 섞어 로제 소스를 만들어줍니다.', '7. 소스가 끓으면 삶은 파스타면을 넣고 치킨스톡, 소금, 후추를 넣어 간을 맞춰줍니다.', '8. 파르미지아노 레지아노 치즈를 뿌려 마무리합니다.']",새우 로제 파스타,7031400
"['치킨 가라아게', '달걀', '소금', '양파', '밥', '마요네즈', '파슬리', '간장', '미림', '설탕', '물']",,"남은 치킨을 활용하여 간단하게 만들 수 있는 치킨마요덮밥 레시피입니다. 달콤한 데리야끼 소스와 부드러운 계란, 고소한 마요네즈가 조화롭게 어우러져 든든한 한 끼 식사를 즐길 수 있습니다.","['1. 남은 치킨 가라아게를 잘게 찢어줍니다.', '2. 양파를 얇게 채 썰어줍니다.', '3. 달걀에 소금을 넣고 풀어줍니다.', '4. 팬에 기름을 두르고 달걀을 넣어 스크램블을 만들어줍니다.', '5. 같은 팬에 남은 치킨을 넣고 볶아줍니다.', '6. 양파, 간장, 미림, 설탕, 물을 넣고 데리야끼 소스를 만들어줍니다.', '7. 소스가 자작해질 때까지 끓여줍니다.', '8. 밥 위에 양파, 치킨, 스크램블을 올리고 마요네즈와 파슬리를 뿌려 마무리합니다.']",치킨마요덮밥,7031399
"['닭다리살', '닭안심살', '간장', '미림', '다진마늘', '다진생강', '후추', '박력분', '감자전분', '계란']",,바삭한 식감이 일품인 치킨 가라아게 레시피입니다. 닭다리살과 안심살을 사용하여 더욱 부드럽고 촉촉한 맛을 느낄 수 있습니다.,"['1. 닭다리살과 닭안심살을 한 입 크기로 잘라줍니다.', '2. 간장, 미림, 다진마늘, 다진생강, 후추를 넣고 닭고기를 양념합니다.', '3. 박력분, 감자전분, 계란을 넣고 닭고기를 버무려줍니다.', '4. 냄비에 기름을 넉넉히 두르고 160℃로 가열합니다.', '5. 닭고기를 넣고 초벌 튀김을 합니다.', '6. 닭고기를 건져내고 기름 온도를 180℃로 높여 재벌 튀김을 합니다.', '7. 바삭하게 튀겨진 닭고기를 체에 밭쳐 기름기를 제거합니다.']",치킨 가라아게,7031398
"['돼지고기등심', '소금', '후추', '밀가루', '계란', '빵가루']",,집에서 즐기는 돈까스 레시피입니다. 돼지고기 등심을 사용하여 부드럽고 촉촉한 돈까스를 만들 수 있습니다.,"['1. 돼지고기를 키친타올로 핏물을 제거하고 고기망치로 두드려 펴줍니다.', '2. 돼지고기에 소금과 후추를 뿌려 간을 합니다.', '3. 돼지고기에 밀가루, 계란, 빵가루 순으로 옷을 입힙니다.', '4. 프라이팬에 기름을 넉넉히 두르고 중약불로 가열합니다.', '5. 돈까스를 앞뒤로 노릇하게 익힙니다.', '6. 돈까스를 체에 밭쳐 기름기를 제거합니다.']",돈까스,7031397
"['사이다', '우유', '꿀', '설탕', '수박', '후르츠칵테일', '바나나']",,달콤하고 시원한 수박화채 레시피입니다. 수박과 다양한 과일을 넣어 더욱 풍성하게 즐길 수 있습니다.,"['1. 우유, 사이다, 설탕, 꿀을 넣고 잘 섞어줍니다.', '2. 수박을 깍둑썰기 합니다.', '3. 바나나를 썰어줍니다.', '4. 후르츠칵테일은 물기를 빼줍니다.', '5. 준비된 과일과 베이스를 섞어줍니다.']",수박화채,7031396
"['돼지뒷다리 다짐육', '양상추', '양파', '애호박', '당근', '당면', '간장', '다진마늘', '매실액', '후춧가루', '깨', '고추장', '참기름']",,"돼지고기 뒷다리살을 넣어 만든 든든한 양상추쌈 레시피입니다. 쌈 채소와 돼지고기, 채소의 조합이 건강에도 좋고 맛도 좋습니다.","['1. 돼지고기에 간장, 다진마늘, 매실액, 후춧가루, 깨를 넣고 밑간을 합니다.', '2. 팬에 기름을 두르고 돼지고기를 볶아줍니다.', '3. 양파, 애호박, 당근을 볶아줍니다.', '4. 볶아진 채소에 돼지고기를 넣고 고추장, 매실액을 넣고 볶아줍니다.', '5. 참기름을 넣고 마무리합니다.', '6. 팬에 기름을 두르고 당면을 튀겨줍니다.']",돼지뒷다리살 양상추쌈,7031395
"['돼지고기 등심', '배추김치', '양파', '다시마물']",,돼지고기와 김치를 넣고 푹 끓여 만든 돼지고기 김치찜 레시피입니다. 돼지고기의 깊은 맛과 김치의 매콤한 맛이 어우러져 밥도둑입니다.,"['1. 김치 속을 털어내고 돼지고기를 올려 돌돌 말아줍니다.', '2. 냄비에 김치를 담고 다시마 우린 물을 부어 중약불로 끓입니다.', '3. 양파를 넣고 국물을 끼얹어 잠시 더 끓입니다.']",돼지고기 김치찜,7031394
"['어묵', '달걀', '당근', '대파', '애호박', '소금', '케첩']",,어묵을 활용하여 간단하게 만들 수 있는 어묵 핫바 레시피입니다. 어묵과 채소를 갈아 넣어 더욱 풍부한 맛을 느낄 수 있습니다.,"['1. 어묵, 당근, 대파, 애호박을 잘게 썰어줍니다.', '2. 믹서에 어묵과 채소를 넣고 갈아줍니다.', '3. 달걀에 소금을 넣고 섞어줍니다.', '4. 팬에 기름을 두르고 어묵 반죽을 넣어 돌돌 말아줍니다.', '5. 꼬치에 끼워 케첩을 뿌려줍니다.']",어묵 핫바,7031393
"['콩나물', '표고버섯', '당근', '애호박', '밥', '고추장', '참기름', '통깨']",,다양한 나물을 넣어 만든 비빔밥을 케이크 형태로 만들어 먹는 재미있는 레시피입니다. 시각적으로도 즐거운 비빔밥 케이크를 만들어보세요.,"['1. 애호박, 당근, 표고버섯을 채 썰고 콩나물을 씻어 물기를 빼줍니다.', '2. 냄비에 콩나물, 애호박, 당근과 물을 넣고 익혀줍니다.', '3. 팬에 표고버섯을 볶아줍니다.', '4. 콩나물, 애호박, 당근, 표고버섯을 식힌 후 참기름, 통깨를 넣고 무쳐줍니다.', '5. 유리 용기에 참기름을 바르고 콩나물, 밥, 당근, 밥, 애호박, 밥, 표고버섯 순으로 담아줍니다.', '6. 접시에 뒤집어 유리 용기를 빼주면 완성입니다.', '7. 새싹채소, 참기름, 고추장, 통깨를 올려 마무리합니다.']",비빔밥 케이크,7031392
"['가지', '다진마늘', '부추', '방울토마토', '식용유', '저염맛 간장', '매실액', '생강청']",,가지의 풍미를 더욱 깊게 느낄 수 있는 들기름 가지구이 레시피입니다. 부추와 방울토마토를 곁들여 더욱 풍성하게 즐길 수 있습니다.,"['1. 가지를 썰어 칼집을 넣어줍니다.', '2. 가지에 소금을 뿌려 10분간 재워둡니다.', '3. 키친타올로 가지의 수분을 제거합니다.', '4. 팬에 들기름과 식용유를 넣고 가지를 굽습니다.', '5. 팬에 다진마늘, 부추, 방울토마토를 볶아줍니다.', '6. 저염맛 간장, 매실액, 생강청을 넣고 끓입니다.', '7. 구운 가지에 소스를 뿌려 마무리합니다.']",들기름 가지구이,7031391
"['김밥김', '밥', '상추', '계란', '슬라이스햄', '스팸', '당근', '단무지', '참기름', '소금']",,"밥으로 만든 샌드위치로, 김밥처럼 다양한 재료를 넣어 먹을 수 있는 간편한 요리입니다.","['1. 김밥김에 밥을 깔고, 상추, 계란, 햄, 스팸, 당근, 단무지를 올린다.', '2. 밥으로 다시 덮고 김을 말아 랩으로 포장한다.', '3. 반으로 자르면 완성']",밥샌드위치,7031390
"['양배추', '오이', '파프리카', '그릭요거트', '홀그레인머스타드', '알룰로스', '굵은소금', '식초']",,"양배추와 오이, 파프리카를 그릭요거트 드레싱으로 버무린 샐러드로, 혈당 걱정 없이 즐길 수 있는 다이어트 식단입니다.","['1. 양배추, 오이, 파프리카를 깍둑썰기 한다.', '2. 썰은 채소에 굵은소금, 식초를 넣고 20분 정도 절인다.', '3. 절인 채소를 찬물에 헹궈 물기를 짠다.', '4. 그릭요거트, 홀그레인머스타드, 알룰로스를 넣고 버무린다.']",코울슬로,7031389
"['계란', '밥', '김밥김', '소금', '쯔유', '액상 알룰로스', '설탕', '물', '식초']",,"부드럽고 촉촉한 계란말이를 밥 위에 올려 만든 초밥으로, 간단하게 즐길 수 있는 한 끼 식사입니다.","['1. 계란, 쯔유, 알룰로스, 물, 소금을 섞어 체에 걸러 알끈을 제거한다.', '2. 프라이팬에 계란물을 붓고 테두리가 익으면 돌돌 말아 계란말이를 만든다.', '3. 식초, 액상 알룰로스, 소금으로 단촛물을 만든다.', '4. 밥에 단촛물을 넣고 섞어 초밥을 만든다.', '5. 계란말이를 썰어 초밥 위에 올리고 김으로 마무리한다.']",계란초밥,7031388
"['메밀부침가루', '물', '소금', '배추', '식용유', '간장', '사과식초', '깨']",,"메밀가루와 배추를 이용해 만든 부침개로, 쫄깃하고 담백한 맛이 일품입니다.","['1. 메밀가루, 소금, 물을 섞어 반죽을 만든다.', '2. 배추를 썰어 준비한다.', '3. 프라이팬에 식용유를 두르고 반죽을 펴준다.', '4. 배추를 올리고 반죽을 덮어 앞뒤로 노릇하게 굽는다.', '5. 간장, 사과식초, 깨를 섞어 초간장을 만들어 곁들인다.']",메밀전,7031387
"['깐메추리알', '진간장', '설탕', '물', '다시마']",,"간장, 설탕, 물을 3:3:1 비율로 넣고 끓여 만든 간단한 메추리알 장조림 레시피입니다.","['1. 깐 메추리알을 깨끗이 씻는다.', '2. 냄비에 물, 진간장, 설탕, 다시마를 넣고 끓인다.', '3. 끓어오르면 약불로 줄여 15분 정도 졸인다.', '4. 불을 끄고 다시마를 건져낸 후 식힌 메추리알을 간장에 담가 보관한다.']",메추리알 장조림,7031386
"['바지락', '버터', '마늘', '청양고추', '청하', '후추', '소금', '페퍼론치노', '다시다']",,싱싱한 바지락과 청하를 넣고 끓여낸 시원하고 술술 넘어가는 술안주입니다.,"['1. 바지락을 해감하고 깨끗이 씻는다.', '2. 팬에 기름을 두르고 마늘을 볶는다.', '3. 페퍼론치노를 넣고 고춧기름을 낸다.', '4. 바지락, 버터, 청하를 넣고 끓인다.', '5. 조개가 입을 벌리면 청양고추, 소금, 후추로 간을 한다.', '6. 취향에 따라 다시다를 추가한다.']",바지락술찜,7031385
"['감자', '소금', '들기름']",,채 썬 감자를 들기름에 바삭하게 부쳐낸 간단하고 고소한 전입니다.,"['1. 감자를 채 썬다.', '2. 소금에 절였다가 물기를 짠다.', '3. 팬에 들기름을 두르고 감자채를 앞뒤로 노릇하게 굽는다.']",감자채전,7031384
"['도토리묵', '계란', '채소육수', '조미김', '김치', '통깨', '참치액', '참기름', '얼음', '소금']",,"시원한 육수에 도토리묵, 김치, 계란지단 등을 곁들여 먹는 여름철 별미입니다.","['1. 채소육수에 참치액, 소금을 넣고 간을 한다.', '2. 계란을 지단으로 부친다.', '3. 김치를 썰어 설탕, 참기름으로 버무린다.', '4. 도토리묵을 채 썬다.', '5. 그릇에 도토리묵, 김치를 담고 육수를 부은 후 계란지단, 김가루, 통깨를 올린다.']",도토리묵냉사발,7031383
"['냉동딸기', '딸기시럽', '설탕시럽', '로즈마리']",,냉동 딸기를 이용해 간편하게 만들 수 있는 달콤하고 상큼한 딸기라떼입니다.,"['1. 냉동 딸기를 전자레인지에 해동한다.', '2. 믹서에 해동된 딸기, 딸기시럽을 넣고 갈아준다.', '3. 컵에 갈아 놓은 딸기 베이스, 설탕시럽, 얼음을 넣고 우유를 부어준다.', '4. 로즈마리를 올려 장식한다.']",딸기라떼,7031382
"['통밀가루', '설탕', '소금', '인스턴트 드라이이스트', '물', '무염버터', '백설탕', '시나몬가루', '슬라이스아몬드']",,통밀가루를 사용해 만들어 더욱 건강한 바삭하고 달콤한 과자빵입니다.,"['1. 통밀가루, 설탕, 소금, 인스턴트 드라이이스트, 물, 무염버터를 넣고 반죽한다.', '2. 반죽을 6개로 나눠 타원형으로 만들고 15분간 발효시킨다.', '3. 밀대로 얇게 밀고 포크로 구멍을 낸다.', '4. 녹인 버터를 바르고 백설탕과 시나몬가루를 뿌린다.', '5. 180℃ 오븐에 9~10분 구워낸다.']",통밀과자빵,7031381
"['상추 티백', '얼음', '오트우유', '아몬드우유', '판단 시럽', '설탕 시럽', '누룽지 사탕']",,"상추 티백과 우유, 시럽을 이용해 만든 달콤한 차 음료입니다. 누룽지 사탕을 곁들여 바삭한 식감을 더했습니다.","['1. 누룽지 사탕을 깨트립니다.', '2. 시럽을 컵 주둥이에 묻힙니다.', '3. 깨트린 누룽지 사탕을 컵에 묻힙니다.', '4. 상추 티백을 뜨거운 물에 우려줍니다.', '5. 컵에 얼음을 채웁니다.', '6. 오트우유를 부어줍니다.', '7. 아몬드 우유를 부어줍니다.', '8. 판단 시럽을 부어줍니다.', '9. 남은 누룽지 사탕을 넣어줍니다.']",잠이 안 오십니까?,7031380
"['감자', '계란', '밀가루', '파마산 치즈', '버터', '다진 마늘', '생크림', '토마토 소스', '파프리카 파우더', '베이컨', '루꼴라', '크러쉬드 페퍼']",,부드러운 감자 뇨끼에 베이컨과 로제 소스를 더해 풍성한 맛을 낸 요리입니다.,"['1. 감자를 껍질을 벗겨 익힙니다.', '2. 익힌 감자를 으깨고 계란, 밀가루, 파마산 치즈를 넣어 반죽합니다.', '3. 반죽을 원통형으로 만들고 썰어 모양을 만듭니다.', '4. 끓는 물에 뇨끼를 넣어 익힙니다.', '5. 팬에 버터를 두르고 뇨끼를 구워줍니다.', '6. 베이컨을 구워줍니다.', '7. 팬에 다진 마늘, 생크림, 토마토 소스를 넣고 끓입니다.', '8. 소스가 끓어오르면 구운 뇨끼를 넣고 졸입니다.', '9. 뇨끼와 소스를 접시에 담습니다.', '10. 루꼴라, 구운 베이컨, 치즈, 크러쉬드 페퍼를 뿌려 마무리합니다.']",베이컨 로제 뇨끼,7031379
"['국수면', '김치', '설탕', '참기름', '냉면 육수', '식초', '고춧가루', '매실청', '간장', '다진 마늘', '깨']",,새콤달콤한 김치와 쫄깃한 면발이 조화로운 김치말이국수 레시피입니다. 시원한 냉면 육수를 더해 더욱 맛있게 즐길 수 있습니다.,"['1. 김치를 잘게 썰어 설탕과 참기름을 넣고 버무립니다.', '2. 물을 끓이고 국수를 삶습니다.', '3. 끓는 국수에 찬물을 넣어 면발을 쫄깃하게 만들어줍니다.', '4. 삶은 국수를 찬물에 헹궈 물기를 빼줍니다.', '5. 식초, 고춧가루, 매실청, 간장, 참기름, 다진 마늘, 깨를 넣고 양념장을 만듭니다.', '6. 볼에 국수면, 양념장, 냉면 육수를 넣어줍니다.', '7. 김치, 채 썬 오이, 깨를 올려 마무리합니다.']",김치말이국수,7031378
"['감자', '양파', '당근', '파프리카', '밥', '맛소금', '굴소스', '식용유', '참깨']",,다양한 채소를 볶아 만든 간단하고 든든한 야채 볶음밥 레시피입니다.,"['1. 감자, 당근, 양파, 파프리카를 잘게 썰어줍니다.', '2. 팬에 야채를 볶아줍니다.', '3. 야채를 볶다가 맛소금으로 간을 해줍니다.', '4. 밥을 넣고 함께 볶아줍니다.', '5. 굴소스로 간을 하고 부족한 간은 맛소금으로 맞춰줍니다.', '6. 참깨를 뿌려 마무리합니다.']",야채볶음밥,7031377
"['냉동 손질 꽃게', '맛술', '간장', '액젓', '고춧가루', '설탕', '다진 마늘', '다진 생강', '후춧가루', '잔파', '매운 고추']",,냉동 꽃게를 사용하여 간편하게 만들 수 있는 양념게장 레시피입니다. 맛술과 간장으로 밑간을 하고 매콤달콤한 양념으로 버무려 줍니다.,"['1. 냉동 꽃게를 찬물에 헹궈 물기를 빼줍니다.', '2. 꽃게에 맛술, 간장, 액젓을 넣고 밑간을 해줍니다.', '3. 고춧가루, 설탕, 다진 마늘, 다진 생강, 후춧가루를 넣고 양념을 만듭니다.', '4. 밑간한 꽃게에 양념을 넣고 버무립니다.', '5. 잔파와 매운 고추를 썰어 넣고 버무립니다.']",양념게장,7031376
"['밥새우', '포도씨유', '설탕', '간장', '올리고당', '통깨', '참기름']",,"고소한 밥새우를 볶아 만든 밥도둑 반찬입니다. 간장과 설탕, 참기름을 넣어 달콤짭짤하게 볶아줍니다.","['1. 팬에 포도씨유를 두르고 밥새우를 볶아줍니다.', '2. 설탕, 간장, 올리고당을 넣고 볶아줍니다.', '3. 통깨와 참기름을 넣어 마무리합니다.']",밥새우볶음,7031375
"['애호박', '전분가루', '건새우', '소금', '청양고추', '식용유']",,애호박을 얇게 채 썰어 전분가루와 건새우를 넣어 부쳐낸 전입니다. 고소하고 담백한 맛이 일품입니다.,"['1. 애호박을 얇게 채 썰어 소금에 절여줍니다.', '2. 건새우를 볶아 다져줍니다.', '3. 절인 애호박, 다진 건새우, 청양고추, 전분가루를 넣고 섞어줍니다.', '4. 팬에 식용유를 두르고 반죽을 얇게 펴서 구워줍니다.']",애호박전,7031374
"['자두', '스프레이 휘핑크림', '핫케이크 가루', '흰우유', '달걀']",,부드러운 핫케이크에 달콤한 자두와 휘핑크림을 올려 만든 여름 디저트입니다.,"['1. 핫케이크 가루, 달걀, 흰우유를 섞어 반죽을 만듭니다.', '2. 팬에 식용유를 두르고 반죽을 얇게 펴서 구워줍니다.', '3. 구운 핫케이크를 식힙니다.', '4. 자두를 깨끗하게 씻고 씨를 제거합니다.', '5. 자두를 다져줍니다.', '6. 식힌 핫케이크에 휘핑크림을 올리고 다진 자두를 올려 마무리합니다.']",자두크림오믈렛,7031373
"['소고기 다짐육', '우동면', '청경채', '파', '식용유', '후추', '진간장', '설탕', '맛술', '다진 마늘', '굴소스', '간장', '참기름']",,소고기 다짐육과 아삭한 채소를 넣어 볶아낸 매콤한 볶음우동입니다. 굴소스를 사용하여 더욱 풍미를 더했습니다.,"['1. 청경채와 파를 씻어 준비합니다.', '2. 소고기 다짐육에 핏물을 제거합니다.', '3. 소고기 다짐육에 간장, 설탕, 맛술, 다진 마늘, 후추를 넣고 밑간을 합니다.', '4. 팬에 식용유를 두르고 소고기 다짐육을 볶아줍니다.', '5. 청경채와 파를 넣고 볶아줍니다.', '6. 물을 끓이고 우동면을 데쳐줍니다.', '7. 볶은 소고기 다짐육 팬에 우동면을 넣습니다.', '8. 굴소스, 간장, 설탕, 참기름을 넣고 볶아줍니다.', '9. 후추를 뿌려 마무리합니다.']",소고기볶음우동,7031372
"['소갈비', '당근', '홍파프리카', '피망', '대추', '양파', '감자', '간 마늘', '간장', '설탕', '후추']",,달콤짭짤한 양념으로 맛을 낸 부드러운 소갈비찜입니다. 다양한 채소와 함께 끓여 더욱 풍성하게 즐길 수 있습니다.,"['1. 소갈비를 설탕에 재워 핏물을 빼줍니다.', '2. 배와 양파를 갈아 육수에 섞고 간장, 설탕, 후추를 넣어 양념장을 만듭니다.', '3. 양념장에 소갈비를 넣고 끓여줍니다.', '4. 채소를 넣고 익을 때까지 끓여줍니다.']",소갈비찜,7031371
"['양배추', '부추', '참치액', '간장', '식초', '메이플 시럽', '고춧가루', '참기름', '검은깨']",,아삭한 양배추와 향긋한 부추의 조합이 매력적인 양배추 부추무침 레시피입니다. 새콤달콤한 양념에 버무려져 입맛을 돋우는 최고의 밑반찬입니다.,"['1. 양배추를 깨끗이 씻어 채 썬다.', '2. 부추를 깨끗이 씻어 5등분으로 자른다.', '3. 양배추, 부추, 참치액, 간장, 식초, 메이플 시럽, 고춧가루를 넣고 버무린다.', '4. 참기름을 넣고 버무린다.', '5. 접시에 담아 검은깨를 뿌린다.']",양배추 부추무침,7031370
"['감자', '버터', '양파', '우유', '소금', '체다치즈', '모짜렐라치즈', '파슬리가루']",,부드러운 감자와 고소한 치즈의 조합이 환상적인 감자스프 레시피입니다. 간단하게 만들 수 있어 누구나 쉽게 즐길 수 있는 스프입니다.,"['1. 감자를 깨끗이 씻어 썰어 찐다.', '2. 버터를 녹인 후 양파를 볶는다.', '3. 찐 감자를 으깨고 우유를 넣어 끓인다.', '4. 소금, 체다치즈를 넣고 끓인다.', '5. 그릇에 담고 체다치즈, 모짜렐라치즈, 파슬리가루를 뿌린다.']",감자스프,7031369
"['계란', '우유', '시럽', '에스프레소', '통밀빵', '식용유']",,달콤한 티라미수 맛을 프렌치 토스트에 접목시킨 이색적인 레시피입니다. 부드러운 크림과 진한 에스프레소의 조화가 일품입니다.,"['1. 계란, 우유, 시럽, 에스프레소를 섞는다.', '2. 통밀빵을 계란물에 적신다.', '3. 팬에 식용유를 두르고 빵을 앞뒤로 굽는다.', '4. 마스카포네, 생크림, 시럽을 넣고 휘핑한다.', '5. 구운 빵에 크림을 올린다.', '6. 코코아 파우더를 뿌린다.']",티라미수 프렌치 토스트,7031368
"['멸치', '청양고추', '들기름', '물', '간장', '올리고당', '마늘', '통깨']",,"멸치와 청양고추의 매콤한 맛이 조화를 이룬 멸치청양고추 조림 레시피입니다. 밥도둑이 따로 없을 정도로 맛있고, 칼슘까지 섭취할 수 있어 영양 만점입니다.","['1. 멸치를 마른 팬에 볶는다.', '2. 청양고추를 들기름에 볶는다.', '3. 볶은 멸치와 청양고추를 섞어 볶는다.', '4. 물, 간장, 올리고당, 마늘, 통깨를 넣고 5분 정도 졸인다.']",멸치청양고추 조림,7031367
"['오이', '건미역', '양파', '홍고추', '청양고추', '물', '얼음', '범일국간장', '식초', '설탕', '다진 마늘', '액젓']",,더운 여름철 입맛을 돋우는 시원한 오이미역냉국 레시피입니다. 범일국간장을 사용하여 더욱 감칠맛을 더했습니다.,"['1. 미역을 불리고, 양파, 홍고추, 청양고추를 채 썬다.', '2. 채 썬 채소에 양념을 넣고 버무린 후 냉장고에 10분간 숙성시킨다.', '3. 채 썬 오이, 물, 얼음을 넣고 마무리한다.']",오이미역냉국,7031366
"['육회용 소고기', '다진마늘', '설탕', '간장', '소금', '참기름', '통깨', '메밀면', '쯔유', '들기름', '깻잎']",,고소한 들기름과 육회의 조합이 환상적인 육회 들기름 막국수 레시피입니다. 간장 육회 양념으로 더욱 풍미를 더했습니다.,"['1. 육회용 소고기를 키친타올로 핏물을 제거한다.', '2. 핏물 제거한 소고기에 양념을 넣고 버무린다.', '3. 메밀면을 삶아 찬물에 헹군다.', '4. 헹군 메밀면에 양념을 넣고 버무린다.', '5. 깻잎을 채 썬다.', '6. 메밀면 위에 육회, 깻잎을 올리고 통깨를 뿌린다.']",육회 들기름 막국수,7031365
"['라면', '토마토주스', '물', '계란', '파']",,토마토 주스를 활용한 색다른 라면 레시피입니다. 토마토의 상큼함과 라면의 매콤함이 조화롭게 어우러져 새로운 맛을 선사합니다.,"['1. 냄비에 물과 토마토 주스를 넣고 끓인다.', '2. 라면 스프를 넣고 끓인다.', '3. 면이 익으면 계란을 넣는다.', '4. 파를 썰어 넣는다.']",키 토마토라면,7031364
"['생모짜렐라치즈', '토마토', '바질', '발사믹식초', '꿀', '소금', '후춧가루', '올리브오일']",,"신선한 토마토와 모짜렐라 치즈, 바질의 조합이 돋보이는 카프레제 샐러드 레시피입니다. 발사믹 글레이즈를 곁들여 더욱 풍부한 맛을 즐길 수 있습니다.","['1. 토마토를 썰고 바질잎을 준비한다.', '2. 발사믹식초와 꿀을 끓여 식힌 후 소금, 후추, 올리브오일을 넣어 드레싱을 만든다.', '3. 토마토, 모짜렐라 치즈, 바질잎을 접시에 담고 드레싱을 뿌린다.']",카프레제 샐러드,7031363
"['순두부', '모짜렐라치즈', '달걀', '양파', '양송이', '마늘', '토마토소스']",,부드러운 순두부와 고소한 치즈가 조화로운 순두부 계란 그라탕 레시피입니다. 간단하게 만들 수 있어 든든한 한 끼 식사로 좋습니다.,"['1. 양송이와 양파를 다진다.', '2. 양송이와 양파를 섞어 전자레인지에 2분간 돌려 익힌다.', '3. 익힌 야채 위에 순두부를 올린다.', '4. 토마토소스를 뿌리고 모짜렐라 치즈를 올린다.', '5. 계란을 깨서 올린 후 전자레인지에 6분간 돌려 익힌다.']",순두부 계란 그라탕,7031362
"['오이', '양파', '대파', '청양고추', '고춧가루', '다진 마늘', '소금', '국간장', '참치 액', '식초', '통깨', '생수']",,더운 여름철 입맛을 돋우는 시원한 오이냉국 레시피입니다. 아삭한 오이와 깔끔한 국물이 더위를 날려줍니다.,"['1. 오이, 양파, 대파, 청양고추를 채 썬다.', '2. 채 썬 채소에 다진 마늘, 고춧가루, 소금, 국간장, 참치 액, 식초, 통깨를 넣고 버무린다.', '3. 생수를 넣고 간을 맞춘다.']",오이냉국,7031361
"['애호박', '양파', '두부', '고추장', '고춧가루', '진간장', '올리고당', '다진 마늘']",,애호박과 두부를 이용하여 만든 간단하고 든든한 짜글이 레시피입니다. 매콤한 양념과 함께 볶아내어 밥과 함께 먹으면 더욱 맛있습니다.,"['1. 애호박은 반달 모양, 양파는 채 썰고 고추는 어슷 썰기 합니다.', '2. 고추장, 고춧가루, 올리고당, 진간장, 다진 마늘, 후추, 육수, 물을 넣고 섞어 양념장을 만듭니다.', '3. 팬에 오일을 두르고 애호박과 양파를 볶습니다.', '4. 애호박이 익으면 두부를 으깨서 넣고 양념장을 부어 줍니다.', '5. 청홍고추를 넣고 참기름, 통깨를 넣어주면 완성!']",애호박 두부 짜글이,7031309
"['콩고기', '양파', '진간장', '설탕', '맛술', '다진마늘']",,고기 대신 콩고기를 사용하여 건강하고 맛있는 불고기를 만들 수 있는 레시피입니다. 콩고기는 쫄깃한 식감과 담백한 맛이 특징입니다.,"['1. 콩고기에 물을 붓고 30분 불립니다.', '2. 양파는 채 썰어줍니다.', '3. 진간장, 설탕, 맛술, 다진 마늘을 넣고 양념을 만듭니다.', '4. 불린 콩고기는 물기를 제거합니다.', '5. 팬에 기름을 두르고 콩고기를 중불로 10분 정도 볶습니다.', '6. 콩고기의 수분이 빠지면 양파를 넣고 중불로 볶습니다.', '7. 양파가 익으면 양념장을 넣고 약불로 볶습니다.']",콩고기불고기,7031308
"['양파', '고형카레', '물', '후추', '케첩', '버터']",,양파를 듬뿍 넣어 만든 간단하고 깊은 맛의 양파 카레 레시피입니다. 카레 가루 대신 고형 카레를 사용하여 더욱 편리하게 만들 수 있습니다.,"['1. 양파를 최대한 얇게 썬다.', '2. 버터를 녹여줍니다.', '3. 양파를 연한 갈색이 될 때까지 오래 볶아줍니다.', '4. 케첩과 후추를 뿌려줍니다.', '5. 물을 붓습니다.', '6. 카레를 넣고 저어준 뒤 끓기 시작하면 중불로 뭉근해질 때까지 끓입니다.']",양파 카레,7031307
"['밀떡볶이', '기름 떡볶이소스', '삶은계란', '통깨']",,매콤한 떡볶이를 기름에 볶아 더욱 바삭하고 고소하게 즐길 수 있는 기름떡볶이 레시피입니다. 맥주 안주로도 좋습니다.,"['1. 밀떡볶이를 물로 헹궈줍니다.', '2. 후라이팬에 기름을 두르고 밀떡을 노릇노릇해질 때까지 볶아줍니다.', '3. 기름떡볶이 소스를 넣어 줍니다.', '4. 밀떡과 잘 섞어가면서 볶아줍니다.', '5. 삶은계란을 올려줍니다.', '6. 통깨를 뿌려주면 완성입니다.']",기름떡볶이,7031306
"['잡채', '양파', '피망', '파프리카', '돼지고기', '간장', '소금', '설탕', '참기름', '통깨']",,돼지고기와 다양한 채소를 볶아 만든 푸짐하고 맛있는 고기잡채 레시피입니다. 잡채는 명절이나 손님 초대 요리로 인기가 많습니다.,"['1. 돼지고기를 잡채용으로 준비한 후 밑간을 하고 볶아줍니다.', '2. 양파, 피망, 파프리카, 부추를 채 썰어 볶아줍니다.', '3. 당면을 삶아준 후 볶아놓은 야채와 함께 버무려 줍니다.', '4. 설탕, 참기름, 후춧가루, 간장을 넣고 버무려줍니다.', '5. 소금으로 간을 맞춰줍니다.', '6. 통깨를 넣고 버무려주면 완성입니다.']",고기잡채,7031305
"['오이', '고추', '명란젓', '밥', '소금', '참기름', '통깨', '김밥용 구운김']",,오이와 명란젓을 넣어 만든 상큼하고 맛있는 오이명란김밥 레시피입니다. 다이어트 식단으로도 좋습니다.,"['1. 오이와 고추를 준비합니다.', '2. 명란젓의 껍질을 제거하고 알만 담아냅니다.', '3. 밥에 소금, 참기름, 통깨로 간을 합니다.', '4. 김에 간한 밥을 깔고 오이를 통으로 올려 말아줍니다.', '5. 김에 밥을 깔고 명란을 펴서 바른 후 고추를 올려 말아줍니다.', '6. 김밥을 썰어 완성접시에 담아줍니다.']",오이명란김밥,7031304
"['부추', '밥', '계란', '김가루', '청량고추', '진간장', '참기름', '고추가루', '통깨', '후추']",,향긋한 부추와 다양한 재료를 넣어 만든 간단하고 맛있는 부추비빔밥 레시피입니다. 든든한 한 끼 식사로 좋습니다.,"['1. 밥을 준비합니다.', '2. 부추와 청량고추를 썰어줍니다.', '3. 썰어놓은 부추에 들기름, 후추, 진간장, 고추가루, 통깨를 넣고 무쳐줍니다.', '4. 밥을 담은 그릇에 부추를 담아줍니다.', '5. 계란 후라이를 올려줍니다.', '6. 김가루와 통깨를 올려주면 완성입니다.']",부추비빔밥,7031303
"['소고기', '무', '대파', '국간장', '참치액젓', '다진마늘', '소금']",,소고기와 무를 넣어 시원하고 깊은 맛을 내는 소고기 무국 레시피입니다. 습한 날씨에 뜨끈하게 먹으면 더욱 좋습니다.,"['1. 소고기와 무를 납닥하게 썰어줍니다.', '2. 냄비에 소고기와 무를 넣고 물을 부어 끓입니다.', '3. 핏물과 이물질을 건져냅니다.', '4. 국간장, 참치액젓, 다진마늘을 넣고 간을 합니다.', '5. 무가 투명해질 때까지 끓여줍니다.', '6. 대파를 썰어 넣고 끓여주면 완성입니다.']",소고기 무국,7031302
"['생표고버섯', '양파', '미니 파프리카', '쪽파', '당근', '식용유', '다진마늘', '진간장', '굴소스', '맛술', '올리고당', '참기름', '통깨']",,표고버섯과 다양한 채소를 볶아 만든 맛있는 표고버섯볶음 레시피입니다. 굴소스를 사용하여 더욱 감칠맛을 더했습니다.,"['1. 표고버섯은 갓 부분만 썰어줍니다.', '2. 양파, 파프리카, 당근은 채 썰고 쪽파는 잘라줍니다.', '3. 팬에 식용유를 두르고 다진마늘과 쪽파를 볶아줍니다.', '4. 양파, 당근, 파프리카를 넣고 볶아줍니다.', '5. 표고버섯을 넣고 볶아줍니다.', '6. 진간장, 굴소스, 맛술, 올리고당을 넣고 볶아줍니다.', '7. 참기름과 통깨를 넣고 버무려주면 완성입니다.']",표고버섯볶음,7031301
"['명란', '스파게티 면', '물', '소금', '통마늘', '양파', '애호박', '페페론치노', '올리브유', '화이트 와인', '치킨스톡', '치커리', '후추']",,"명란젓을 넣어 고소하고 감칠맛을 더한 명란 오일 파스타 레시피입니다. 마늘, 양파, 애호박 등을 곁들여 더욱 풍성하게 즐길 수 있습니다.","['1. 물에 소금을 넣고 끓인 후 스파게티 면을 넣어 삶습니다.', '2. 통마늘, 양파, 애호박을 썰어줍니다.', '3. 명란을 껍질에서 분리합니다.', '4. 팬에 올리브유를 두르고 마늘과 양파를 볶아줍니다.', '5. 애호박을 넣고 볶아줍니다.', '6. 명란을 넣고 볶아줍니다.', '7. 화이트 와인을 넣고 볶아줍니다.', '8. 페페론치노를 넣고 볶아줍니다.', '9. 면수를 넣고 끓여줍니다.', '10. 삶은 면을 넣고 볶아줍니다.', '11. 치커리와 후추를 넣고 마무리합니다.']",명란 오일 파스타,7031300
"['애호박', '양파', '당근', '새우', '튀김가루', '감자전분', '차가운 물', '국간장', '식용유']",,"바삭하고 고소한 애호박 새우 부침개 레시피입니다. 채 썬 애호박, 양파, 당근, 새우를 넣어 더욱 풍성하고 맛있게 즐길 수 있습니다.","['1. 애호박을 깨끗하게 씻어 채 썬다.', '2. 양파와 당근을 채 썰고, 새우는 깨끗하게 씻어 물기를 제거한다.', '3. 볼에 튀김가루, 감자전분, 차가운 물, 국간장을 넣고 잘 섞는다.', '4. 반죽에 애호박, 양파, 당근, 새우를 넣고 골고루 섞는다.', '5. 달군 팬에 식용유를 두르고 반죽을 얇게 펴서 노릇하게 굽는다.', '6. 앞뒤로 노릇하게 구워지면 접시에 담아낸다.']",애호박 새우 부침개,7031299
"['디너롤', '떡갈비', '계란', '체다치즈', '마요네즈', '머스터드', '상추', '치커리', '토마토', '양파']",,집에서 직접 만든 육즙 가득한 햄버거를 맛보세요. 떡갈비 패티와 신선한 야채를 곁들여 더욱 풍성하게 즐길 수 있습니다.,"['1. 디너롤을 반으로 갈라 토스트한다.', '2. 떡갈비를 팬에 구워 준비한다.', '3. 계란을 프라이한다.', '4. 햄버거 번에 떡갈비, 계란, 치즈, 마요네즈, 머스터드, 상추, 치커리, 토마토, 양파를 순서대로 올려 완성한다.']",수제햄버거,7031298
"['단호박', '베이킹소다', '물', '찹쌀가루', '소금', '알룰로스']",,달콤하고 부드러운 단호박죽 레시피입니다. 찹쌀을 넣어 더욱 고소하고 든든하게 즐길 수 있는 영양 만점 죽입니다.,"['1. 단호박을 깨끗하게 씻고 씨를 제거한다.', '2. 단호박을 깍둑썰기하여 전자레인지에 익힌다.', '3. 익힌 단호박을 으깨고 물, 찹쌀가루를 넣고 끓인다.', '4. 소금, 알룰로스를 넣고 취향에 맞게 간을 한다.']",단호박죽,7031297
"['불고기용 쇠고기', '마늘쫑', '진간장', '미림', '설탕', '참기름', '후추', '통깨', '식용유']",,"아삭한 마늘쫑과 부드러운 쇠고기를 함께 볶아 낸 맛있는 볶음 요리입니다. 간장, 미림, 설탕 등으로 맛을 내어 밥반찬으로도 좋습니다.","['1. 마늘쫑을 깨끗하게 씻고 썰어 준비한다.', '2. 쇠고기에 진간장, 미림, 설탕, 참기름, 후추를 넣고 밑간한다.', '3. 팬에 식용유를 두르고 쇠고기를 볶는다.', '4. 쇠고기가 어느 정도 익으면 마늘쫑을 넣고 함께 볶는다.', '5. 마늘쫑이 익으면 접시에 담고 통깨를 뿌려 마무리한다.']",마늘쫑쇠고기볶음,7031296
"['청양고추', '메이플시럽', '된장', '고추장', '참기름', '검은깨']",,"매콤한 청양고추를 된장, 고추장, 참기름 등으로 버무려 낸 맛깔스러운 무침입니다. 밥과 함께 먹으면 칼칼한 맛이 일품입니다.","['1. 청양고추를 깨끗하게 씻고 큼직하게 썰어 준비한다.', '2. 청양고추에 메이플시럽, 된장, 고추장, 참기름을 넣고 잘 버무린다.', '3. 마지막으로 검은깨를 뿌려 완성한다.']",청양고추 된장무침,7031295
"['감자', '삶은 달걀', '소금', '후추', '메이플시럽', '마요네즈', '파슬리가루']",,"포슬포슬한 감자와 부드러운 계란을 으깨어 마요네즈, 메이플시럽 등으로 버무린 간단한 샐러드입니다.","['1. 감자를 삶아 으깨고, 삶은 달걀도 으깬다.', '2. 으깬 감자와 계란에 소금, 후추로 간을 한다.', '3. 메이플시럽, 마요네즈를 넣고 잘 버무린다.', '4. 접시에 담고 파슬리가루를 뿌려 마무리한다.']",감자계란 샐러드,7031294
"['상추', '수박무', '양파', '쑥갓', '당근', '유자청', '올리브유', '소금', '다진 양파', '식초', '레몬즙']",,"아삭한 수박무와 신선한 야채를 유자청, 올리브유 등으로 버무려 새콤달콤한 샐러드를 만들어 보세요.","['1. 상추, 수박무, 양파, 쑥갓, 당근을 깨끗하게 씻고 손질한다.', '2. 유자청, 올리브유, 다진 양파, 식초, 레몬즙, 소금을 넣고 유자소스를 만든다.', '3. 손질한 야채에 유자소스를 넣고 살짝 버무려 완성한다.']",수박무 샐러드,7031293
"['어묵', '우동면', '미역', '물', '코인육수', '쯔유', '멸치액젓', '고춧가루']",,따뜻하고 든든한 어묵 우동 레시피입니다. 쯔유와 멸치 액젓으로 깊은 국물 맛을 내어 더욱 풍성하게 즐길 수 있습니다.,"['1. 미역을 물에 불리고, 대파는 송송 썰어 준비한다.', '2. 어묵을 썰어 준비한다.', '3. 냄비에 물, 코인육수, 쯔유, 멸치액젓을 넣고 끓인다.', '4. 끓는 물에 우동면을 넣어 데친다.', '5. 국물에 어묵, 미역을 넣고 끓인다.', '6. 면기에 우동면, 어묵, 미역을 담고 국물을 부은 후 대파와 고춧가루를 올려 완성한다.']",어묵우동,7031292
"['감자', '피자 치즈', '소금', '버터', '우유', '파슬리가루']",,고소한 감자와 쭉쭉 늘어나는 치즈의 조합이 환상적인 감자 치즈볼 레시피입니다. 간단하게 만들어 맥주 안주로도 좋습니다.,"['1. 감자를 껍질을 벗기고 썰어 전자레인지에 익힌다.', '2. 익힌 감자를 으깨고 우유, 버터를 넣어 부드럽게 만든다.', '3. 감자를 동그랗게 모양을 만들고 안에 치즈를 넣어 빚는다.', '4. 오븐에 치즈볼을 구워낸다.', '5. 구워진 치즈볼에 파슬리가루를 뿌려 완성한다.']",감자 치즈볼,7031291
"['감자', '양파', '소고기다짐육', '짜장소스', '전분가루', '계란']",,"고슬고슬한 밥 위에 짜장 소스와 돼지고기, 채소를 볶아 만든 든든한 한 끼 식사입니다. 계란 후라이를 올려 더욱 풍성하게 즐길 수 있습니다.","['1. 감자, 양파를 썰어 준비한다.', '2. 팬에 기름을 두르고 감자, 양파를 볶는다.', '3. 소고기다짐육을 넣고 볶는다.', '4. 짜장소스를 넣고 볶다가 전분가루를 풀어 농도를 맞춘다.', '5. 밥 위에 짜장 소스를 얹고 계란 후라이를 올려 완성한다.']",소고기짜장밥,7031290
"['닭고기육수', '닭고기', '국수소면', '삶은 계란', '부추', '검은깨']",,"닭고기 육수를 사용하여 시원하고 담백한 맛을 낸 여름철 보양식 닭국수입니다. 삶은 계란과 부추, 검은깨를 곁들여 더욱 풍성하게 즐길 수 있습니다.","['1. 국수 1인분을 삶아 찬물과 얼음에 헹궈 채반에 받쳐 물기를 빼세요.', '2. 면기에 삶은 국수를 담고 닭육수를 부어주세요.', '3. 부추를 썰어 국수 위에 올리고 삶은 계란을 함께 넣어주세요.', '4. 검은깨를 뿌려 마무리하면 완성입니다.']",닭국수,7031289
"['스파게티면', '물', '소금', '마늘', '양파', '파프리카', '베이컨', '올리브유', '시판 토마토소스', '면수', '모짜렐라치즈', '파슬리가루']",,고소한 치즈와 토마토 베이컨 소스가 조화롭게 어우러진 치즈 오븐 스파게티입니다. 오븐에 구워 더욱 풍부한 풍미를 느낄 수 있습니다.,"['1. 양파, 마늘, 파프리카를 다지고 베이컨을 1cm 폭으로 잘라 준비합니다.', '2. 냄비에 물 1L를 넣고 소금 1/2T를 넣어 끓인 후 스파게티면을 넣고 6분간 삶습니다.', '3. 삶은 면을 채에 받쳐 물기를 빼고 면수는 1국자 보관합니다.', '4. 팬에 올리브오일 2T를 두르고 마늘을 볶다가 양파, 베이컨을 넣어 볶습니다.', '5. 토마토소스, 면수를 넣고 재료가 어우러지도록 끓여줍니다.', '6. 삶은 면을 내열용기에 담고 토마토 소스를 뿌린 후 모짜렐라치즈를 듬뿍 올려 180도 예열된 오븐에 5분간 구워줍니다.', '7. 파슬리가루를 뿌려 마무리하면 완성입니다.']",치즈오븐 스파게티,7031288
"['얼음', '우유', '에스프레소']",,시원하고 진한 에스프레소와 차가운 우유가 조화롭게 어우러진 아이스라떼입니다. 더운 날씨에 갈증 해소에 좋습니다.,"['1. 컵에 얼음을 가득 채웁니다.', '2. 우유 120ml를 넣습니다.', '3. 에스프레소 머신으로 에스프레소 2샷을 추출하여 컵에 부어줍니다.', '4. 빨대를 꽂으면 완성입니다.']",아이스라떼,7031287
"['토마토', '생바질', '양파', '올리브오일', '발사믹 식초', '레몬즙', '꿀', '다진 마늘', '소금', '후추']",,"토마토를 발사믹 식초, 올리브 오일, 생바질 등으로 마리네이드하여 새콤달콤한 맛을 더했습니다. 샐러드나 파스타 등 다양한 요리에 활용하기 좋습니다.","['1. 토마토와 생바질을 깨끗이 씻고 토마토는 꼭지를 제거하고 윗부분에 십자 모양으로 칼집을 냅니다.', '2. 끓는 물에 토마토를 넣고 데친 후 차가운 물에 헹궈 껍질을 벗겨줍니다.', '3. 볼에 바질, 양파, 다진 마늘을 넣고 올리브오일, 발사믹 식초, 레몬즙, 꿀, 소금, 후추를 넣어 잘 섞습니다.', '4. 토마토를 소스에 넣어 잘 버무린 후 밀폐용기에 담아 냉장 보관합니다.']",토마토 마리네이드,7031286
"['찰옥수수', '물', '소금', '버터', '알룰로스', '가는 소금', '파마산치즈가루', '파슬리가루']",,달콤하고 찰진 옥수수를 버터와 알룰로스를 넣어 구워 더욱 풍부한 맛을 냈습니다. 파마산 치즈와 파슬리가루를 곁들여 고소함을 더했습니다.,"['1. 냄비에 물을 넣고 소금을 풀어 끓인 후 껍질을 벗긴 옥수수를 넣고 30분간 삶습니다.', '2. 프라이팬에 버터를 녹이고 삶은 옥수수를 올려 노릇해질 때까지 구워줍니다.', '3. 소금, 알룰로스를 넣고 옥수수를 굴려가며 구워줍니다.', '4. 구운 옥수수를 접시에 담고 파마산치즈가루와 파슬리가루를 뿌려 마무리합니다.']",찰옥수수,7031285
"['부추', '감자', '계란', '감자 전분', '참치 액', '소금']",,부추와 감자를 넣어 만든 부추 감자전입니다. 계란과 감자 전분을 넣어 더욱 부드럽고 쫄깃한 식감을 즐길 수 있습니다.,"['1. 부추를 깨끗이 씻어 2cm 길이로 썰고 감자는 껍질을 벗겨 채 썰어줍니다.', '2. 볼에 부추, 감자, 계란, 감자 전분, 소금, 참치 액을 넣어 잘 섞습니다.', '3. 팬에 기름을 두르고 반죽을 얇게 펴서 앞뒤로 노릇하게 부쳐줍니다.']",부추 감자 전,7031284
"['가지', '파', '식용유', '소금', '참기름', '간장', '굴소스', '맛술', '물엿', '다진 마늘', '깨']",,"가지를 굴소스와 각종 채소를 넣어 볶아 만든 가지볶음입니다. 간장, 맛술, 물엿 등을 넣어 달콤 짭짤한 맛을 더했습니다.","['1. 가지를 깨끗이 씻어 적당한 크기로 썰어줍니다.', '2. 파를 송송 썰어줍니다.', '3. 간장, 굴소스, 맛술, 물엿, 다진 마늘, 깨를 섞어 양념장을 만듭니다.', '4. 팬에 식용유를 두르고 가지를 넣어 볶아줍니다.', '5. 볶아진 가지를 옆으로 밀고 파를 넣어 파기름을 내줍니다.', '6. 가지와 양념장을 넣어 센 불에서 빠르게 볶아줍니다.', '7. 참기름을 넣어 마무리하면 완성입니다.']",가지볶음,7031283
"['토종닭', '삼계탕용 한방팩', '대파', '마늘', '통후추', '양파', '소금', '국간장', '물', '멸치다시마육수', '실파', '다진파', '부추', '버섯', '저민 마늘']",,토종닭을 한방 재료와 함께 푹 고아 만든 진하고 구수한 국물의 토종닭 백숙입니다. 닭고기의 부드러운 식감과 깊은 국물 맛을 즐길 수 있습니다.,"['1. 토종닭을 깨끗이 씻어 냄비에 물을 넣고 2분간 데쳐줍니다.', '2. 냄비에 데친 닭, 대파, 양파, 마늘, 통후추, 한방팩, 물, 멸치다시마육수를 넣고 50분간 끓입니다.', '3. 끓인 닭을 건져 전골냄비에 담고 닭 국물은 체에 걸러 부어줍니다.', '4. 국물에 소금, 국간장, 후추로 간을 하고 다진파, 저민 마늘, 버섯, 실파 또는 부추를 넣어 끓여줍니다.']",토종닭백숙,7031282
"['브로콜리', '두부', '된장', '참치 액', '알룰로스', '통깨', '참기름', '다진 마늘']",,"데친 브로콜리와 두부를 된장, 참치 액, 참깨 등으로 버무려 만든 브로콜리 무침입니다. 고소하고 담백한 맛이 일품입니다.","['1. 브로콜리를 끓는 물에 데쳐 물기를 빼고 두부는 면포에 싸서 물기를 뺍니다.', '2. 볼에 된장, 참치 액, 알룰로스, 통깨, 참기름, 다진 마늘을 넣어 잘 섞습니다.', '3. 양념에 브로콜리를 넣어 버무린 후 으깬 두부를 넣어 다시 한번 버무리면 완성입니다.']",브로콜리무침,7031281
"['토마토', '루꼴라', '브라타치즈', '양파', '발사믹 식초', '올리브유', '알룰로스', '소금', '통후추', '식초']",,"싱싱한 토마토, 루꼴라, 브라타 치즈를 곁들여 만든 토마토 샐러드입니다. 발사믹 식초와 올리브 오일로 만든 드레싱을 뿌려 더욱 풍성한 맛을 즐길 수 있습니다.","['1. 토마토를 깨끗이 씻어 0.7~1cm 두께로 썰고 루꼴라는 씻어 물기를 뺍니다.', '2. 접시에 루꼴라를 돌려 담고 토마토와 브라타치즈를 올립니다.', '3. 볼에 양파, 발사믹 식초, 올리브유, 알룰로스, 소금, 통후추, 식초를 넣어 드레싱을 만듭니다.', '4. 샐러드 위에 드레싱을 뿌려 마무리합니다.']",토마토 샐러드,7031280
"['늙은오이', '청양고추', '홍고추', '소금', '멸치 액젓', '들깨가루', '들기름', '설탕', '다진마늘']",,아삭한 오이를 볶아 만든 맛있는 오이볶음 레시피입니다. 늙은 오이를 사용하여 꼬들꼬들한 식감을 더했습니다.,"['1. 오이를 씻고 필러로 껍질을 벗긴다.', '2. 오이를 반으로 가르고 씨를 긁어낸다.', '3. 오이를 반달 모양으로 썬다.', '4. 오이에 소금과 멸치 액젓을 넣고 30분간 절인다.', '5. 오이를 헹구고 물기를 짠다.', '6. 청양고추와 홍고추를 썰어 준비한다.', '7. 팬에 들기름을 두르고 마늘을 볶는다.', '8. 마늘 향이 올라오면 고추를 넣고 볶는다.', '9. 오이를 넣고 설탕을 넣어 볶는다.', '10. 들깨가루를 넣고 볶아 마무리한다.']",오이볶음,7031279
"['모닝빵', '체다치즈', '케첩', '비엔나소세지', '모짜렐라치즈', '파슬리가루']",,전참시에서 이국주가 먹었던 소세지빵 레시피입니다. 모닝빵에 체다치즈와 비엔나소세지를 넣어 에어프라이어에 구워줍니다.,"['1. 모닝빵 속을 포크로 파준다.', '2. 체다치즈를 반으로 잘라 모닝빵에 넣는다.', '3. 비엔나소세지를 뜨거운 물에 데친 후 칼집을 낸다.', '4. 비엔나소세지를 모닝빵에 넣는다.', '5. 모짜렐라 치즈를 넣는다.', '6. 에어프라이어에 180도로 5~7분간 굽는다.', '7. 완성 후 케첩을 올리고 파슬리를 뿌린다.']",소세지빵,7031278
"['참외', '양파', '대파', '다진마늘', '고춧가루', '소금', '통깨', '베이킹소다', '식초']",,달콤한 참외를 이용해 만든 참외무침 레시피입니다. 아삭한 식감과 새콤달콤한 맛이 일품입니다.,"['1. 참외를 베이킹소다로 씻고 식초 푼 물에 담가 놓는다.', '2. 참외를 깨끗이 씻고 양 끝을 자른 후 반으로 잘라 씨를 파낸다.', '3. 참외를 얇게 썬다.', '4. 양파와 대파를 썬다.', '5. 참외, 양파, 대파에 소금을 넣고 버무린다.', '6. 통깨를 뿌려 마무리한다.']",참외무침,7031277
"['감자전분', '호랑이콩', '소금', '참기름']",,쫄깃한 식감의 감자떡 레시피입니다. 감자 전분과 호랑이콩을 사용하여 더욱 고소하고 맛있게 만들었습니다.,"['1. 감자 전분에 설탕과 소금을 넣는다.', '2. 끓는 물을 부어 반죽을 한다.', '3. 호랑이콩을 넣고 반죽을 한다.', '4. 반죽을 떼어 송편 모양으로 만든다.', '5. 찜기에 올려 15분간 찐다.', '6. 꺼내서 참기름을 발라 마무리한다.']",감자떡,7031276
"['밥', '참기름', '소금', '김밥김', '씨앗젓', '오이', '당근', '계란지단', '시금치', '깻잎']",,여행 갈 때 싸 먹기 좋은 간편한 씨앗젓 김밥 레시피입니다. 씨앗젓을 넣어 더욱 풍미를 더했습니다.,"['1. 밥에 참기름과 소금을 넣어 섞는다.', '2. 김밥김을 깔고 밥, 깻잎, 씨앗젓을 올린다.', '3. 오이, 당근, 계란지단, 시금치를 올리고 돌돌 말아준다.']",씨앗젓 김밥,7031275
"['닭고기', '알감자', '당면', '대파', '고추장', '고춧가루', '진간장', '맛술', '쌀조청', '생강가루', '물', '동전육수', '마늘', '참기름', '깨소금']",,자박한 국물이 맛있는 닭감자조림 레시피입니다. 닭고기와 감자를 넣고 푸짐하게 끓여줍니다.,"['1. 당면을 삶아 물에 씻는다.', '2. 대파를 큼직하게 썬다.', '3. 닭고기를 끓는 물에 데친 후 찬물에 헹궈 불순물과 기름기를 제거한다.', '4. 마늘, 고추장, 고춧가루, 맛술, 쌀조청, 진간장, 생강가루를 넣고 양념을 만든다.', '5. 냄비에 물, 동전육수, 감자, 닭고기를 넣고 끓인다.', '6. 감자와 닭고기가 익으면 양념을 넣고 끓인다.', '7. 당면, 대파를 넣고 한소끔 끓인다.', '8. 참기름, 깨소금을 넣고 마무리한다.']",닭감자조림,7031274
"['갑오징어', '상추', '홍초', '어간장', '맛술', '고추장', '고춧가루', '감식초', '마늘', '참기름', '깨소금']",,오징어보다 더 부드럽고 담백한 갑오징어무침 레시피입니다. 갑오징어를 넣어 매콤달콤하게 무쳐줍니다.,"['1. 갑오징어를 끓는 물에 데친 후 찬물에 헹궈 물기를 뺀다.', '2. 갑오징어, 홍초, 상추를 먹기 좋은 크기로 썬다.', '3. 어간장, 맛술, 고추장, 고춧가루, 감식초, 마늘, 참기름, 깨소금을 넣고 양념을 만든다.', '4. 갑오징어를 양념에 버무린다.', '5. 상추, 홍초를 넣고 버무린다.', '6. 접시에 담고 통깨를 뿌려 마무리한다.']",갑오징어무침,7031273
"['모둠 채소', '계란', '방울토마토', '쇠고기등심', '발사믹소스', '파인애플소스', '참기름', '깨소금']",,중복 복달음을 위한 건강한 쇠고기등심샐러드 레시피입니다. 쇠고기등심을 구워 모둠채소와 함께 즐기는 샐러드입니다.,"['1. 모둠채소를 채 썰어 씻고 물기를 뺀다.', '2. 계란을 삶아 썰고 방울토마토도 썬다.', '3. 쇠고기를 소금, 후추를 뿌려 구워 먹기 좋게 자른다.', '4. 그릇에 모둠채소를 담고 계란, 쇠고기구이, 방울토마토를 올린다.', '5. 발사믹소스, 파인애플소스, 참기름, 깨소금을 뿌려 마무리한다.']",쇠고기등심샐러드,7031272
"['마카로니', '옥수수콘', '오이', '당근', '파프리카', '삶은달걀', '소금', '올리브오일', '마요네즈', '허니머스타드', '올리고당', '후추']",,고소하고 부드러운 마카로니 샐러드 레시피입니다. 마카로니와 다양한 채소를 넣어 맛있게 만들었습니다.,"['1. 끓는 물에 소금과 올리브오일을 넣고 마카로니를 15분간 삶는다.', '2. 삶은 마카로니를 건져 물기를 뺀다.', '3. 오이, 당근, 파프리카를 잘게 썬다.', '4. 삶은 달걀을 썰어 준비한다.', '5. 볼에 마카로니, 채소, 달걀, 옥수수콘을 넣는다.', '6. 마요네즈, 허니머스타드, 올리고당, 소금, 후추를 넣고 버무린다.']",마카로니 샐러드,7031271
"['낫또', '계란', '밥', '오이', '도시락김', '태국간장', '겨자소스', '가쓰오간장']",,다이어트에도 좋은 오이낫또비빔밥 레시피입니다. 낫또와 오이를 넣어 건강하고 맛있게 즐길 수 있습니다.,"['1. 낫또에 가쓰오 간장소스와 겨자소스를 뿌린다.', '2. 계란후라이를 한다.', '3. 밥 위에 낫또, 계란후라이를 올린다.', '4. 오이를 채 썰어 밥 위에 올린다.', '5. 가쓰오 간장소스, 겨자소스, 태국 간장을 넣어 비벼 먹는다.', '6. 도시락김에 싸 먹거나 잘게 잘라 밥에 뿌려 비벼 먹는다.']",오이낫또비빔밥,7031270
"['쌀떡', '밀떡', '식용유', '대파', '사각어묵', '물', '고운고춧가루', '진간장', '설탕', '고추장', '소고기다시다', '삶은계란']",,"매콤하고 달콤한 국물이 일품인 분식집 스타일의 국물 떡볶이 레시피입니다. 쌀떡이나 밀떡을 사용하여 떡볶이 떡의 쫄깃함을 더욱 살리고, 어묵, 대파, 계란 등 다양한 재료를 넣어 풍성하게 즐길 수 있습니다.","['1. 쌀떡을 차가운 물에 10분 정도 담가 준비한다.', '2. 계란을 삶아 준비한다.', '3. 대파를 3~4cm 길이로 썬다.', '4. 사각 어묵을 3등분하고 대각선으로 잘라 준비한다.', '5. 프라이팬에 식용유를 두르고 대파를 1분 정도 볶는다.', '6. 물, 고운 고춧가루, 진간장, 설탕, 고추장, 소고기 다시다를 넣고 양념을 골고루 풀어준다.', '7. 국물이 끓어오르면 떡과 어묵을 넣고 3~5분 정도 끓인다.', '8. 삶은 계란을 추가하고 원하는 점도가 될 때까지 끓인다.']",국물 떡볶이,7031269
"['김치', '김치국물', '양파', '식용유', '참치액', '양조간장', '고춧가루', '우삼겹', '대파']",,"얼큰하고 시원한 국물이 땡길 때 딱 좋은 김치찌개 레시피입니다. 신김치를 사용하여 더욱 깊은 맛을 내고, 우삼겹을 넣어 풍미를 더했습니다. 돼지고기나 소고기를 넣어도 맛있습니다.","['1. 신김치를 먹기 좋은 크기로 자른다.', '2. 김치를 냄비에 넣고 김치국물을 추가한다.', '3. 양파를 두껍게 채 썬다.', '4. 냄비에 식용유를 두르고 김치를 볶는다.', '5. 물, 참치액을 넣고 끓인다.', '6. 김치찌개가 끓으면 양파를 넣는다.', '7. 양조간장, 고춧가루를 넣는다.', '8. 양파가 익으면 우삼겹을 넣고 끓인다.', '9. 어슷썰기한 대파를 넣고 끓인다.']",김치찌개,7031268
"['김밥단무지', '고춧가루', '다진마늘', '다진대파', '식초', '설탕', '참기름', '통깨']",,"매콤달콤한 맛으로 입맛을 돋우는 단무지무침 레시피입니다. 김밥 단무지를 활용하여 간단하게 만들 수 있으며, 꼬들꼬들한 식감이 일품입니다. 밥반찬이나 술안주로 좋습니다.","['1. 김밥단무지를 씻어 물기를 제거한다.', '2. 단무지를 한입 크기로 자른다.', '3. 볼에 단무지, 고춧가루를 넣고 섞는다.', '4. 다진마늘, 다진대파, 식초, 설탕, 참기름, 통깨를 넣고 무친다.']",단무지무침,7031267
"['쌈무', '노랑 파프리카', '빨강 파프리카', '무순', '훈제오리', '머스타드소스', '레몬즙', '간장', '깨']",,"상큼하고 깔끔한 맛으로 입맛을 돋우는 무쌈말이 레시피입니다. 훈제오리, 파프리카, 무순 등을 쌈무에 말아 먹는 간단하면서도 멋진 요리입니다. 손님 초대 메뉴로도 좋습니다.","['1. 무순을 씻고 쌈무를 찬물에 헹군다.', '2. 파프리카를 썰어 준비한다.', '3. 머스타드소스, 레몬즙, 간장, 깨를 섞어 소스를 만든다.', '4. 훈제오리를 구워 준비한다.', '5. 쌈무에 무순, 파프리카, 훈제오리를 올려 말아준다.']",무쌈말이,7031266
"['애호박', '양파', '명란젓', '식용유', '참기름', '통깨']",,고소한 명란젓과 부드러운 애호박의 조합이 환상적인 명란애호박볶음 레시피입니다. 간단하게 만들 수 있지만 맛은 최고입니다. 밥반찬으로 즐기기 좋습니다.,"['1. 양파와 애호박을 채 썬다.', '2. 명란젓을 다지거나 껍질을 벗겨 준비한다.', '3. 팬에 식용유를 두르고 양파를 볶는다.', '4. 양파가 익으면 애호박을 넣고 볶는다.', '5. 명란젓을 넣고 볶는다.', '6. 애호박이 익으면 불을 끄고 참기름을 넣는다.', '7. 통깨를 넣고 섞는다.']",명란애호박볶음,7031265
"['닭가슴살', '청양초', '대파', '고사리', '라면', '라면스프', '고춧가루', '물', '숙주', '식용유']",,"간편하게 즐길 수 있는 뚝딱 육개장 레시피입니다. 닭가슴살, 고사리, 숙주 등을 넣어 든든하고 건강한 한 끼 식사를 할 수 있습니다. 라면스프를 활용하여 쉽고 빠르게 만들 수 있습니다.","['1. 닭가슴살, 고추, 대파, 고사리를 썰어 준비한다.', '2. 숙주를 준비한다.', '3. 팬에 식용유를 두르고 대파를 볶는다.', '4. 분말스프와 고춧가루를 넣고 기름을 낸다.', '5. 물을 붓고 닭가슴살, 청양초, 고사리를 넣는다.', '6. 라면을 넣고 익힌다.', '7. 숙주와 대파를 넣고 마무리한다.']",뚝딱 육개장,7031264
"['찐 고구마', '얼음', '우유', '꿀']",,달콤하고 시원한 아이스 고구마 라떼 레시피입니다. 찐 고구마를 얼려 사용하여 더욱 시원하고 부드러운 맛을 즐길 수 있습니다. 더운 여름철에 즐기기 좋은 간식입니다.,"['1. 찐 고구마를 얼려 준비한다.', '2. 얼린 고구마를 씻어 껍질을 벗긴다.', '3. 고구마를 잘게 자른다.', '4. 믹서에 고구마, 얼음, 우유, 꿀을 넣고 갈아준다.']",아이스 고구마 라떼,7031263
"['건미역', '양파', '맛간장', '소금', '식초', '레몬즙', '생강청', '다진마늘']",,"새콤달콤한 맛으로 입맛을 돋우는 건미역 초무침 레시피입니다. 건미역을 불려 사용하여 간단하게 만들 수 있으며, 밑반찬으로 즐기기 좋습니다.","['1. 건미역을 불려 씻고 물기를 제거한다.', '2. 양파를 슬라이스한다.', '3. 볼에 미역, 양파, 맛간장, 식초, 레몬즙, 다진마늘, 생강청, 소금을 넣고 버무린다.']",건미역 초무침,7031262
"['오리절단육', '소금', '술', '올리브오일', '저염 맛간장', '굴소스', '매실액', '생강청', '다진마늘', '청양고추']",,"겉은 바삭하고 속은 촉촉한 오븐 구이 레시피입니다. 오리 절단육을 사용하여 간편하게 만들 수 있으며, 맛간장, 굴소스 등으로 풍미를 더했습니다.","['1. 오리절단육을 씻고 껍질을 제거한다.', '2. 소금, 술, 올리브오일을 뿌려 냉장고에 1시간 둔다.', '3. 오리에 감자전분을 묻힌다.', '4. 195도로 예열한 오븐에 15분 굽는다.', '5. 오리를 뒤집어 200도로 15분 굽는다.', '6. 맛간장, 굴소스, 술, 매실액, 생강청, 다진마늘, 다진 청양고추를 섞어 소스를 만든다.', '7. 팬에 소스를 넣고 끓인다.', '8. 오리를 소스에 버무려 졸인다.']",오리구이,7031261
"['새우만두', '고춧가루', '설탕', '물', '고추장', '굴소스', '케첩', '통깨']",,"매콤달콤한 양념으로 버무린 무침만두 레시피입니다. 새우만두를 에어프라이어에 구워 바삭하게 만들고, 고춧가루, 설탕, 고추장 등으로 양념을 만들어 버무려 먹습니다.","['1. 새우만두를 에어프라이어에 185도로 10분 굽는다.', '2. 고춧가루, 설탕, 물, 고추장, 굴소스, 케첩, 통깨를 섞어 양념을 만든다.', '3. 구운 만두를 양념에 버무린다.']",무침만두,7031260
"['항정살', '양파', '굴소스', '간장', '설탕', '물', '밥']",,고소한 항정살과 짭짤한 양념이 어우러져 밥도둑이 따로 없는 항정살 덮밥 레시피입니다. 간단하게 만들 수 있지만 맛은 최고라 누구나 좋아하는 메뉴입니다.,"['1. 항정살과 양파를 굽는다.', '2. 굴소스, 간장, 설탕, 물을 넣어 양념장을 만든다.', '3. 항정살이 노릇해지면 양념장을 붓고 졸인다.', '4. 중강불로 약 10분 졸인다.', '5. 밥을 그릇에 담는다.', '6. 졸인 항정살을 밥 위에 올리고 깨를 뿌린다.']",항정살 덮밥,7031259
"['모닝빵', '스팸', '양파', '콘옥수수', '마요네즈', '모짜렐라치즈', '파슬리']",,"모닝빵에 스팸, 양파, 콘옥수수, 마요네즈를 넣어 만든 간단하고 든든한 햄치즈빵 레시피입니다. 에어프라이어를 이용하면 더욱 빠르고 간편하게 만들 수 있습니다.","['1. 모닝빵 속을 파낸다.', '2. 스팸을 작게 자른다.', '3. 양파를 다진다.', '4. 스팸, 양파, 콘옥수수, 마요네즈를 섞는다.', '5. 섞은 것을 모닝빵에 채우고 치즈를 올린 후 파슬리를 뿌린다.', '6. 에어프라이어 160도에 10분 돌린다.']",모닝빵 햄치즈빵,7031258
"['달걀', '우유', '설탕', '소금', '꿀', '박력분', '베이킹파우더', '얼그레이가루', '무염버터']",,얼그레이 향이 은은하게 퍼지는 고급스러운 마들렌 레시피입니다. 부드러운 식감과 향긋한 풍미가 어우러져 커피나 차와 함께 즐기기 좋습니다.,"['1. 재료를 계량한다.', '2. 볼에 달걀, 우유, 설탕, 소금, 꿀을 넣고 섞는다.', '3. 박력분, 베이킹파우더를 체에 쳐 넣고 얼그레이가루를 넣어 섞는다.', '4. 녹인 버터를 넣고 잘 섞는다.', '5. 마들렌틀에 반죽을 담고 180도 예열된 오븐에 9-10분 굽는다.']",얼그레이 마들렌,7031257
"['마라탕 소스', '고추기름', '다진 마늘', '진간장', '물', '무가당 두유', '무가당 땅콩버터', '양파', '대파', '청경채', '알배추', '숙주', '팽이버섯', '느타리버섯', '분모자', '피쉬볼', '납작당면']",,칼로리는 낮추고 매콤한 맛은 그대로 살린 두유 마라탕 레시피입니다. 땅콩버터를 넣어 고소함을 더하고 두유로 부드러운 국물을 즐길 수 있습니다.,"['1. 양파, 대파, 버섯류, 청경채, 알배추, 분모자를 손질한다.', '2. 납작 당면을 미지근한 물에 30분 불린다.', '3. 숙주를 씻는다.', '4. 팬에 고추기름, 다진 마늘, 양파, 대파, 알배추를 넣고 볶는다.', '5. 진간장을 넣고 볶는다.', '6. 물, 마라소스를 넣고 끓인다.', '7. 납작 당면을 넣고 끓인다.', '8. 분모자, 버섯류, 피쉬볼을 넣고 끓인 후 청경채, 숙주를 넣고 끓인다.', '9. 불을 끄고 두유를 넣는다.', '10. 땅콩버터를 넣고 풀어준다.']",두유 마라탕,7031256
"['가지', '애호박', '돼지고기다짐육', '부추', '양파', '고추가루', '다진마늘', '생강술', '후추가루', '진간장', '올리고당', '참기름', '통깨']",,"애호박, 가지, 돼지고기가 어우러진 덮밥 레시피입니다. 간단한 재료로 든든하고 맛있는 한 끼 식사를 만들 수 있습니다.","['1. 애호박, 가지를 깍둑썰기하여 소금에 절인 후 짠다.', '2. 부추와 양파를 썰어 준비한다.', '3. 돼지고기다짐육을 고추가루, 다진마늘, 생강술과 함께 볶는다.', '4. 볶은 돼지고기에 준비한 채소와 양념을 넣고 볶는다.', '5. 마지막에 부추를 넣고 볶는다.', '6. 불을 끄고 참기름과 통깨를 뿌린다.']",애호박 가지 돼지고기덮밥,7031255
"['토마토', '배 음료', '빨간 파프리카', '양파', '대파', '표고버섯', '다진 마늘', '고추장', '진간장', '설탕', '식용유']",,"TV 프로그램에서 유명세를 탄 서진이네 비빔밥에 들어가는 약고추장 레시피입니다. 토마토, 배, 파프리카, 양파, 대파, 표고버섯 등 다양한 채소를 넣어 만든 매콤달콤한 고추장입니다.","['1. 토마토를 데쳐 껍질을 벗긴 후 썬다.', '2. 토마토와 배 음료를 믹서에 갈아준다.', '3. 파프리카를 토치로 태운 후 껍질을 벗겨 다진다.', '4. 대파, 표고버섯, 양파를 다진다.', '5. 팬에 식용유를 두르고 파프리카, 대파, 양파, 표고버섯, 다진 마늘을 볶는다.', '6. 볶은 채소에 갈아 놓은 토마토, 배 음료, 고추장, 설탕, 진간장을 넣고 섞는다.', '7. 중약불에서 끓여가며 농도를 맞춘다.']",약고추장,7031254
"['삼겹살', '양파', '대파', '통후추', '생강', '된장', '천일염', '미림', '커피가루', '통마늘', '양배추', '버터', '물엿', '설탕', '파슬리가루']",,잡내 없이 부드러운 마늘 수육 레시피입니다. 커피가루를 넣어 잡내를 제거하고 마늘 소스를 곁들여 더욱 풍성한 맛을 즐길 수 있습니다.,"['1. 냄비에 물, 된장, 천일염, 대파, 양파, 생강, 통후추, 미림, 커피가루를 넣고 끓인 후 삼겹살을 넣고 20분 센불, 20분 중불, 20분 불 끄고 익힌다.', '2. 마늘을 간마늘로 만들고 양배추를 다진다.', '3. 마늘, 양배추, 물엿, 설탕, 버터를 넣고 전자레인지에 4분씩 4~5회 익힌다.', '4. 마늘과 양배추가 익으면 파슬리가루를 뿌린다.', '5. 수육 위에 마늘 소스를 올린다.']",마늘수육,7031253
"['동치미무', '고추가루', '다진마늘', '알룰로스', '들기름', '통깨']",,동치미 무를 이용해 만든 새콤달콤한 무침 레시피입니다. 톡톡 터지는 식감과 매콤한 맛이 젓갈 없이도 훌륭한 맛을 선사합니다.,"['1. 동치미무를 채 썬다.', '2. 찬물에 비벼 씻어 짠맛을 우려낸다.', '3. 물기를 꼭 짠다.', '4. 고추가루, 다진마늘, 알룰로스, 들기름을 넣고 버무린다.', '5. 통깨를 뿌린다.']",동치미무 무침,7031252
"['호랑이콩', '물', '진간장', '흑설탕', '물엿', '참치액', '참기름', '다진 마늘', '생강가루', '통깨']",,호랑이콩을 이용해 만든 맛있는 콩조림 레시피입니다. 흑설탕이나 흰 설탕을 사용하여 달콤하면서도 짭짤한 맛을 낼 수 있습니다.,"['1. 콩을 깨끗이 씻는다.', '2. 냄비에 물, 진간장, 흑설탕, 참치액, 다진 마늘, 생강가루를 넣고 끓인다.', '3. 끓는 양념에 콩을 넣고 10분 졸인다.', '4. 콩이 익으면 물엿을 넣고 섞는다.', '5. 불을 끄고 참기름, 통깨를 넣는다.']",강낭콩조림,7031251
"['얼갈이', '양파', '통깨', '고춧가루', '까나리액젓', '양조간장', '매실청', '다진마늘', '참기름']",,싱싱한 얼갈이배추를 이용해 만든 겉절이 레시피입니다. 까나리액젓을 사용하여 감칠맛을 더하고 매실청으로 달콤함을 더했습니다.,"['1. 얼갈이를 깨끗이 씻고 5cm 길이로 썬다.', '2. 양파를 얇게 썬다.', '3. 고춧가루, 까나리액젓, 양조간장, 매실청, 다진마늘, 참기름을 섞어 양념을 만든다.', '4. 양념에 얼갈이와 양파를 넣고 살짝 버무린다.', '5. 통깨를 뿌린다.']",얼갈이배추겉절이,7031250
"['소고기 불고기용', '식용유', '진간장', '흑설탕', '굴 소스', '다진 마늘', '참기름', '후춧가루', '생강가루', '통깨']",,달콤한 양념에 재운 소고기를 바싹 굽는 언양불고기 레시피입니다. 짭짤하면서도 달콤한 맛이 밥과 술 모두에 잘 어울리는 훌륭한 메뉴입니다.,"['1. 소고기 핏물을 제거한다.', '2. 소고기를 잘게 썬다.', '3. 소고기에 간장, 굴 소스, 설탕, 다진 마늘, 후추, 생강가루를 넣고 버무린다.', '4. 고기를 치대어 조직을 연하게 한다.', '5. 팬에 식용유를 두르고 양념한 소고기를 중약불에서 굽는다.', '6. 양념이 고기에 스며들도록 볶는다.', '7. 불을 끄고 통깨를 뿌린다.']",언양불고기,7031249
"['단호박', '모짜렐라치즈', '훈제오리', '양파', '노랑파프리카', '빨강파프리카', '통마늘', '굴소스', '후추']",,"달콤한 단호박과 훈제오리, 모짜렐라 치즈의 조합이 환상적인 단호박오리찜 레시피입니다. 전자레인지를 이용하여 간편하게 만들 수 있으며, 든든하고 건강한 한 끼 식사로 좋습니다.","['1. 단호박을 깨끗하게 씻는다.', '2. 야채를 깍둑썰기한다.', '3. 팬에 야채와 훈제오리를 볶는다.', '4. 단호박을 전자레인지에 2분 돌려 익힌다.', '5. 단호박 윗부분을 잘라내고 속을 긁어낸다.', '6. 단호박 안에 볶은 재료와 모짜렐라치즈를 채운다.', '7. 전자레인지에 5분 돌려 익힌다.', '8. 파슬리가루를 뿌린다.']",단호박오리찜,7031248
"['둥지냉면 비빔냉면', '두부', '굴소스', '설탕', '다진마늘', '소금', '고추장', '쪽파']",,고소한 두부소보로를 곁들여 더욱 풍성하게 즐기는 비빔냉면 레시피입니다. 매콤한 냉면과 부드러운 두부소보로의 조화가 일품입니다.,"['1. 두부 물기를 제거하고 으깬다.', '2. 두부소보로를 면포에 감아 물기를 뺀다.', '3. 마른 팬에 두부소보로를 볶는다.', '4. 두부소보로에 설탕, 굴소스, 다진마늘, 참깨를 넣고 볶는다.', '5. 두부소보로를 반으로 나눠, 한쪽에는 고추장을 넣고 볶는다.', '6. 둥지냉면 비빔냉면과 북어건스프를 끓인다.', '7. 익힌 면을 찬물에 헹궈 물기를 뺀다.', '8. 냉면에 양념장을 넣고 비빈다.', '9. 냉면 위에 두부소보로와 쪽파를 올린다.']",두부소보로 비빔냉면,7031247
"['닭가슴살', '은이버섯', '당근', '청경채', '양배추', '양파', '영콘', '올리브유', '다진마늘', '고추가루', '생강술', '굴소스', '국간장', '올리고당', '후추가루', '참기름', '통깨']",,"닭가슴살과 다양한 채소를 볶아 만든 중화풍 닭가슴살 채소볶음 레시피입니다. 닭가슴살은 퍽퍽하지 않고, 채소는 아삭한 식감을 더해 든든하고 건강한 한 끼 식사로 좋습니다.","['1. 영콘, 양배추, 당근, 청경채를 씻어 손질한다.', '2. 은이버섯을 불려 씻고 찢는다.', '3. 양파를 채 썬다.', '4. 닭가슴살을 찢는다.', '5. 팬에 올리브유, 다진마늘, 고추가루를 넣고 볶는다.', '6. 닭가슴살을 넣고 볶다가 생강술을 넣는다.', '7. 준비한 채소들을 넣고 볶는다.', '8. 양념을 넣고 볶는다.', '9. 양파가 투명해지면 불을 끄고 참기름과 통깨를 뿌린다.']",닭가슴살 채소볶음,7031246
"['오이지', '청양고추', '홍고추', '고춧가루', '물엿', '설탕', '다진 마늘', '들기름', '통깨']",,"아삭한 오이지를 매콤달콤하게 무쳐 먹는 오이지무침 레시피입니다. 밥반찬으로도 좋고, 술안주로도 좋은 최고의 밑반찬입니다.","['1. 오이지를 깨끗하게 씻고 얇게 썬다.', '2. 썬 오이지를 물에 20분간 담근다.', '3. 청양고추와 홍고추를 썰어 준비한다.', '4. 물에 담가둔 오이지를 삼베보에 넣고 물기를 짠다.', '5. 볼에 오이, 고춧가루, 설탕, 물엿, 들기름, 고추를 넣고 버무린다.', '6. 통깨를 뿌린다.']",오이지무침,7031245
"['쌀', '물', '쯔유', '간장', '액젓', '다시마가루', '우삼겹', '쪽파', '계란', '깨']",,고소한 우삼겹과 밥을 함께 즐길 수 있는 우삼겹 솥밥 레시피입니다. 간단한 재료로 깊은 풍미를 느낄 수 있는 든든한 한 끼 식사입니다.,"['1. 쌀에 물, 쯔유, 간장, 액젓, 다시마가루를 넣고 10분간 재운다.', '2. 냄비에 기름을 두르고 우삼겹을 굽는다.', '3. 냄비에 재워둔 쌀을 넣는다.', '4. 센 불에서 끓이다가 뚜껑을 덮고 약불로 15분 끓인 후, 불을 끄고 10분 뜸 들인다.', '5. 쪽파를 썰어 솥밥에 섞는다.', '6. 계란 노른자와 깨를 올린다.']",우삼겹 솥밥,7031244
"['베이컨', '캔옥수수', '방울토마토', '오이', '양상추', '구운 슬라이스아몬드', '구운 해바라기씨', '노란 파프리카', '빨강 파프리카', '그릭요거트', '마요네즈', '레몬즙', '설탕', '소금', '후춧가루']",,"바삭한 베이컨과 달콤한 옥수수, 신선한 채소가 조화롭게 어우러진 베이컨콘샐러드 레시피입니다. 그릭요거트 드레싱으로 더욱 상큼하고 건강하게 즐길 수 있습니다.","['1. 그릭요거트, 마요네즈, 레몬즙, 설탕, 소금, 후춧가루를 섞어 드레싱을 만든다.', '2. 베이컨을 썰어 바삭하게 굽는다.', '3. 방울토마토, 오이, 파프리카, 양상추를 썬다.', '4. 그릇에 양상추와 오이를 담는다.', '5. 방울토마토와 파프리카를 올린다.', '6. 구운 베이컨과 옥수수를 올린다.', '7. 드레싱을 뿌리고 구운 아몬드와 해바라기씨를 뿌린다.']",베이컨콘샐러드,7031243
"['토란대', '올리브오일', '간장', '굴소스', '메이플시럽', '검은 깨']",,"쌉쌀하면서도 독특한 향이 매력적인 토란대를 간장, 굴소스, 메이플시럽으로 볶아 만든 토란대 볶음 레시피입니다. 밥반찬으로도 좋고, 술안주로도 좋습니다.","['1. 토란대를 손질한다.', '2. 토란대를 삶는다.', '3. 삶은 토란대를 찬물에 식힌 후, 물에 담가 반나절 정도 불린다.', '4. 토란대 물기를 빼고 프라이팬에 올린다.', '5. 올리브오일을 두르고 간장, 굴소스, 메이플시럽을 넣고 볶는다.', '6. 깨를 뿌린다.']",토란대 볶음,7031236
['호박잎'],,부드럽고 소화가 잘 되는 호박잎을 쪄서 쌈으로 즐기는 호박잎 찌기 레시피입니다. 쌈장과 함께 곁들여 먹으면 더욱 맛있습니다.,"['1. 호박잎을 깨끗하게 씻는다.', '2. 찜기에 호박잎을 넣고 5분간 찐다.']",호박잎 찌기,7031235
"['짜장 분말가루', '양파', '호박', '돼지고기', '새송이버섯', '물']",,시판 짜장 분말을 이용하여 간편하게 만들 수 있는 짜장덮밥 레시피입니다. 돼지고기와 채소를 볶아 더욱 풍성하게 즐길 수 있습니다.,"['1. 돼지고기와 버섯을 볶는다.', '2. 양파와 호박을 넣고 함께 볶는다.', '3. 물을 넣고 끓인다.', '4. 짜장 분말을 풀고 끓인다.', '5. 전분을 넣고 끓인다.', '6. 밥 위에 짜장을 올려 비벼 먹는다.']",짜장덮밥,7031228
"['치아바타', '피스타치오', '루꼴라', '잠봉', '리코타치즈', '피스타치오 스프레드']",,"고소한 피스타치오와 부드러운 리코타 치즈, 짭짤한 잠봉햄이 조화롭게 어우러진 피스타치오 리코타 샌드위치 레시피입니다. 샌드위치에 바삭함을 더하고 싶다면 치아바타를 구워 사용하면 더욱 맛있습니다.","['1. 치아바타를 반으로 갈라 오븐에서 절단면만 살짝 구워준다.', '2. 피스타치오를 잘게 다져 준비한다.', '3. 구운 치아바타에 루꼴라 한줌을 올리고 잠봉햄을 올려준다.', '4. 리코타치즈를 3숟가락 떠서 햄 위에 올려준다.', '5. 피스타치오 스프레드를 올려준다.', '6. 다진 피스타치오를 뿌려준 후 샌드위치를 완성한다.']",피스타치오 리코타 샌드위치,7030492
"['사과', '마요네즈', '그래놀라']",,달콤한 사과와 바삭한 그래놀라의 조합이 매력적인 그래놀라 사과샐러드 레시피입니다. 마요네즈를 넣어 버무려 더욱 풍부한 맛을 즐길 수 있습니다.,"['1. 사과 껍질을 제거한다.', '2. 껍질 제거한 사과를 깍뚝썰기한다.', '3. 그릇에 사과를 담고 마요네즈를 넣어 버무린다.', '4. 마요네즈 버무린 사과를 접시에 담는다.', '5. 사과 위에 그래놀라를 뿌려 완성한다.']",그래놀라 사과샐러드,7030491
"['소세지', '견과류', '식용유', '통깨', '설탕', '진간장', '케찹', '다진마늘', '올리고당', '물']",,매콤달콤한 양념에 볶아낸 소세지 강정 레시피입니다. 견과류를 곁들여 더욱 풍성한 식감을 즐길 수 있습니다.,"['1. 양념장을 만든다.', '2. 소세지에 칼집을 내준다.', '3. 칼집 낸 소세지를 뜨거운 물에 살짝 데친다.', '4. 견과류를 칼로 잘게 부순다.', '5. 프라이팬에 식용유를 두른다.', '6. 소세지를 넣어 구워준다.', '7. 소세지 겉면이 노릇해지면 양념장을 넣고 볶는다.', '8. 양념장이 소세지에 잘 스며들면 불을 끄고 견과류를 넣어 버무린다.', '9. 접시에 담아 통깨를 뿌려 완성한다.']",소세지 강정,7030490
"['닭', '삼계탕 한방재료', '마늘', '대파', '통후추', '대추', '소주', '굵은소금', '국간장', '후춧가루', '다진파', '사골육수', '고운들깨가루', '찹쌀가루']",,고소한 들깨가루와 찹쌀이 어우러진 진하고 구수한 들깨삼계탕 레시피입니다. 더욱 깊은 맛을 위해 사골육수를 사용해도 좋습니다.,"['1. 닭을 깨끗이 손질한다.', '2. 다시팩에 마늘, 통후추, 대파, 대추를 넣고 밀봉한다.', '3. 냄비에 손질한 닭, 삼계탕용 한방팩, 다시팩, 물을 넣고 끓인다.', '4. 40분 끓인 후 다시팩과 삼계탕용팩을 건져 버리고 닭을 건져낸다.', '5. 사골육수에 고운들깨가루와 찹쌀가루를 넣고 잘 풀어준다.', '6. 닭육수에 소금, 국간장, 들깨가루물을 넣고 끓인 후 닭에 부어준다.', '7. 다진파를 곁들여 완성한다.']",들깨삼계탕,7030489
"['시금치', '바지락살', '토장', '조개멸치 육수', '다진마늘', '물', '고춧가루', '썬파']",,시원한 바지락과 싱싱한 시금치가 조화롭게 어우러진 바지락시금치된장국 레시피입니다. 토장을 사용하여 더욱 구수하고 진한 국물 맛을 낼 수 있습니다.,"['1. 냄비에 된장, 다진마늘, 조개멸치육수를 넣고 물을 부어 잘 풀어준다.', '2. 된장국물이 끓어오르면 다듬어 씻은 시금치와 바지락살을 넣고 끓인다.', '3. 끓어오르면 고춧가루와 썬파를 넣고 끓인다.', '4. 간을 보고 싱거우면 된장을 추가하고 짜면 물을 추가한다.']",바지락시금치된장국,7030488
"['닭', '전복', '인삼', '찹쌀', '대추', '밤', '통마늘', '은행', '통후추', '월계수잎', '대파', '참치액', '고운 소금']",,전기밥솥을 이용하여 간편하게 만들 수 있는 삼계탕 레시피입니다. 찹쌀을 먼저 누룽지 기능으로 만들어 더욱 고소하고 든든하게 즐길 수 있습니다.,"['1. 찹쌀을 30분 불린 후 전기밥솥에 넣고 누룽지 기능으로 만들어준다.', '2. 닭을 깨끗이 손질한다.', '3. 통후추와 월계수잎을 다시 팩에 넣어준다.', '4. 누룽지를 만든 밥솥에 닭, 다시 팩, 대추, 밤, 마늘, 은행, 고운 소금, 참치액을 넣고 영양 찜 기능으로 조리한다.', '5. 뚝배기에 닭, 누룽지, 전복, 은행, 대추, 대파를 담아 완성한다.']",전기밥솥 삼계탕,7030487
"['진간장', '물', '식초', '스테비아', '곤드레 잎', '방풍 잎', '깻잎', '차조기 잎', '취나물 잎', '비트 잎']",,다양한 잎채소를 한꺼번에 장아찌로 만들어 먹는 재미를 더한 모듬 장아찌 레시피입니다. 취향에 따라 장아찌 물의 비율을 조절하여 만들 수 있습니다.,"['1. 진간장, 물, 식초, 스테비아를 넣고 끓인다.', '2. 장아찌 물이 끓으면 식초를 넣는다.', '3. 장아찌 물에 야채를 모두 넣는다.', '4. 통에 담아 뚜껑을 살짝 덮고 실온에 두었다가 반나절 후 냉장고에 보관한다.']",모듬 장아찌,7030486
"['된장', '돼지고기다짐육', '양파', '청양고추', '대파', '마늘', '다진마늘', '설탕', '깨소금']",,부드러운 호박잎에 돼지고기를 넣어 만든 쌈장을 곁들여 먹는 호박잎 숙쌈 레시피입니다. 쌈장은 간장 대신 된장을 사용하여 더욱 구수한 맛을 냅니다.,"['1. 호박잎을 2분 정도 삶는다.', '2. 팬에 식용유를 두르고 마늘, 양파를 볶는다.', '3. 볶은 마늘과 양파에 된장, 다진마늘, 청양고추, 대파를 넣고 볶는다.', '4. 삶은 호박잎에 밥, 쌈장을 넣어 쌈을 싸 먹는다.']",호박잎 숙쌈,7030485
"['고구마 잎', '부추', '양파', '청양고추', '빨간고추', '부침가루', '튀김가루', '고추장', '된장', '어간장', '냉수', '계란', '소금', '식용유']",,"고구마 잎을 활용하여 만든 고소하고 든든한 고구마 잎 장떡 레시피입니다. 고추장, 된장, 어간장을 넣어 더욱 풍부한 맛을 즐길 수 있습니다.","['1. 고구마 잎을 2cm 길이로 썰어준다.', '2. 부추, 청양고추, 빨간고추, 양파를 썰어준다.', '3. 볼에 부침가루, 튀김가루, 냉수, 고추장, 된장, 어간장을 넣고 반죽한다.', '4. 썰어놓은 고구마 잎, 부추, 양파, 홍고추, 청양고추를 반죽에 넣고 섞는다.', '5. 달군 팬에 식용유를 두르고 반죽을 떠 넣어 앞뒤로 노릇하게 굽는다.']",고구마 잎 장떡,7030484
"['냉동 닭가슴살', '사리면', '삶은달걀', '고추장', '설탕', '고춧가루', '식초', '참기름', '간장', '다진마늘', '매실청']",,닭가슴살과 매콤새콤한 양념장으로 맛을 낸 초계비빔국수 레시피입니다. 냉면처럼 시원하게 즐기고 싶다면 닭가슴살을 삶아 사용하면 더욱 좋습니다.,"['1. 닭가슴살을 해동하여 후추, 소금, 올리브오일, 허브 등으로 염지한다.', '2. 고추장, 설탕, 고춧가루, 식초, 참기름, 간장, 다진마늘, 매실청을 넣고 양념장을 만든다.', '3. 팬에 올리브오일을 두르고 닭가슴살을 익힌다.', '4. 냄비에 물을 끓여 사리면을 삶아 찬물에 헹궈준다.', '5. 삶은 계란을 반으로 쪼갠다.', '6. 사리면에 양념장을 넣고 비벼준 후 닭가슴살을 찢어 올리고 계란을 곁들여 완성한다.']",초계비빔국수,7030483
"['오리', '백숙약재', '약재용 버섯', '인삼', '마늘', '대추', '대파', '양파', '생강', '찹쌀', '깐녹두', '월계수잎', '통후추', '소주', '부추', '생수', '소금', '후추', '깨소금']",,"오리 백숙은 닭 백숙과 달리 기름기가 많아 쫄깃하고 고소한 맛이 일품입니다. 특히, 몸에 좋은 백숙 약재와 함께 끓여내면 더욱 건강하고 든든한 보양식이 됩니다.","['1. 오리 꼬리 부분과 기름 많은 부분 제거 후 깨끗이 씻는다.', '2. 대파, 양파, 대추, 생강, 마늘을 적당히 썰어 준비한다.', '3. 약재용 버섯 씻어 준비한다.', '4. 녹두, 찹쌀 30분 이상 불린다.', '5. 오리에 소주 붓고 20분 재운 후 씻어낸다.', '6. 곰솥에 물, 월계수잎, 통후추 넣고 15분 삶은 후 씻는다.', '7. 압력밥솥에 삶은 오리, 인삼, 마늘, 대추 넣고 백숙용 약재, 버섯, 양파, 대파, 물 넣어 센 불 15분, 중불 10분, 약불 5분 삶는다.', '8. 부추 곁들여 오리 담고 소금에 찍어 먹는다.', '9. 남은 국물에 녹두, 찹쌀 넣고 죽 끓여 먹는다.']",오리 백숙,7030482
"['밥', '스팸', '감자', '애호박', '빨강 파프리카', '노랑 파프리카', '대파', '식용유', '후춧가루', '굴소스', '진간장']",,"고소한 스팸과 아삭한 감자, 다채로운 야채가 어우러진 스팸 감자 야채 볶음밥은 남녀노소 누구나 좋아하는 든든한 한 끼 식사입니다. 간단한 재료로 뚝딱 만들 수 있어 바쁜 일상에도 손쉽게 즐길 수 있습니다.","['1. 스팸을 끓는 물에 데치거나 흐르는 물에 씻어 준비한다.', '2. 대파 송송 썰고 감자 깍둑썰기 한다.', '3. 스팸, 애호박, 파프리카 깍둑썰기 한다.', '4. 팬에 식용유 두르고 대파, 감자 넣고 중강불로 볶는다.', '5. 스팸 넣고 볶는다.', '6. 애호박 넣고 50초 정도 볶는다.', '7. 파프리카 넣고 10초 정도 볶는다.', '8. 밥, 굴소스, 간장 넣고 중불로 볶는다.', '9. 밥, 채소, 햄, 소스가 잘 섞이도록 볶는다.', '10. 간을 보고 소금, 참기름 추가한다.']",스팸감자 야채 볶음밥,7030481
"['쌀', '물', '밀가루']",,초기 이유식으로 부드럽고 소화가 잘 되는 밀가루 쌀죽은 아기의 첫 맛을 책임지는 중요한 음식입니다. 쌀과 밀가루를 곱게 갈아 부드러운 식감으로 아기가 편안하게 먹을 수 있습니다.,"['1. 블렌더에 물 100ml 넣는다.', '2. 쌀밥 100g 넣고 곱게 갈아준다.', '3. 냄비에 갈은 쌀밥, 물 400ml 넣는다.', '4. 밀가루 1작은술 넣고 블렌더에 갈아준다.', '5. 냄비에 밀가루 쌀죽 넣고 강불에 끓인다.', '6. 끓어오르면 약불로 줄여 5~7분 더 끓인다.', '7. 스프 정도 농도가 되면 완성한다.', '8. 30ml 큐브에 담아 냉동 보관한다.', '9. 냉장 보관할 것은 60g 따로 담아 냉장 보관한다.']",밀가루쌀죽,7030480
"['상추', '간장', '참기름', '설탕', '고춧가루', '참치액젓', '깨', '대파', '다진마늘']",,"싱싱한 상추를 간장, 참기름, 고추장 등으로 버무려 먹는 상추무침은 봄철 입맛을 돋우는 최고의 밑반찬입니다. 아삭한 식감과 향긋한 풍미가 입안 가득 퍼져 나가 술안주나 밥반찬으로도 좋습니다.","['1. 상추 2~3번 썰고 대파 송송 썬다.', '2. 간장, 참기름, 설탕, 고춧가루, 참치액젓, 깨, 다진마늘 섞어 양념 만든다.', '3. 상추에 양념을 조금씩 뿌려 버무린다.']",상추무침,7030479
"['감자', '양파', '물', '식용유', '다진마늘', '대파', '참기름', '깨', '진간장', '고추장', '고춧가루', '참치액', '설탕', '물엿']",,매콤한 고추장 양념에 졸인 고추장 감자조림은 밥도둑이 따로 없습니다. 쫄깃한 감자와 매콤달콤한 양념이 환상적인 조화를 이루어 밥 한 공기 뚝딱 비워낼 맛입니다.,"['1. 감자 껍질 벗겨 깍둑썰기 한다.', '2. 양파 깍둑썰기 하고 대파 송송 썬다.', '3. 썬 감자 찬물에 10분 담가 전분기를 뺀다.', '4. 감자 헹궈 물기를 제거한다.', '5. 진간장, 고추장, 고춧가루, 참치액, 설탕, 물엿으로 양념장 만든다.', '6. 팬에 식용유 두르고 다진마늘 볶는다.', '7. 감자 넣고 2~3분 볶는다.', '8. 양파 넣고 1분 볶는다.', '9. 물, 양념장 넣고 끓인다.', '10. 뚜껑 덮고 중불에서 15분 끓인다.', '11. 국물이 자박해질 때까지 끓인다.', '12. 파 넣고 볶다가 불을 끄고 참기름 넣는다.']",고추장 감자조림,7030478
"['감자', '감자 전분', '물', '다진마늘', '진간장', '설탕', '고춧가루', '다진 대파', '아보카도오일']",,해외에서 인기를 끌고 있는 비벼먹는 감자는 쫄깃하고 부드러운 식감과 매콤달콤한 양념이 조화를 이루어 밥 없이도 든든하게 즐길 수 있는 별미입니다. 간단한 재료로 만들 수 있어 누구나 쉽게 따라 할 수 있습니다.,"['1. 감자 껍질 벗겨 깍둑썰기 한다.', '2. 감자 랩 씌워 전자레인지에 7분 돌려 익힌다.', '3. 젓가락으로 찔러 익었는지 확인하고 설익었으면 몇 분 더 돌린다.', '4. 감자 으깬다.', '5. 감자 전분, 물 넣고 반죽한다.', '6. 반죽을 동그랗게 뭉쳐 갈라지지 않으면 잘 된 것이다.', '7. 동그랗게 뭉친 반죽을 병 입구로 눌러 양송이 버섯 모양으로 만든다.', '8. 끓는 물에 넣어 끓이다가 떠오르면 3~4분 더 끓인 후 건져낸다.', '9. 얼음물에 넣어 식힌다.', '10. 볼에 식힌 감자, 다진마늘, 진간장, 설탕, 고춧가루, 다진 대파 넣는다.', '11. 냄비에 아보카도 오일 넣고 끓인 후 양념 위에 붓는다.', '12. 골고루 비벼 먹는다.']",비벼먹는 감자,7030477
"['스파게티면', '모시조개', '통마늘', '맛술', '올리브오일', '소금', '후추']",,신선한 모시조개와 향긋한 마늘이 어우러진 봉골레 파스타는 깔끔하고 시원한 맛이 일품입니다. 조개 국물을 이용해 만든 소스는 파스타 면과 환상적인 조화를 이루어 깊은 풍미를 선사합니다.,"['1. 모시조개 흐르는 물에 씻어 소금물에 담가 해감한다.', '2. 끓는 물에 소금, 스파게티 넣고 8분 삶는다.', '3. 팬에 올리브오일 두르고 편 썬 마늘 볶아 마늘 향을 낸다.', '4. 마늘 향이 나면 모시조개 넣고 볶는다.', '5. 맛술 넣고 뚜껑 덮어 조개가 입을 벌릴 때까지 끓인다.', '6. 스파게티 면 건져 삶은 물을 뺀다.', '7. 조개가 입을 벌리면 스파게티 면 넣고 2분 볶는다.', '8. 소금, 후추로 간을 한다.']",봉골레 파스타,7030476
"['애호박', '당근', '표고버섯', '자색양배추', '깐 새우', '낙지', '양조간장', '굴 농축액', '식초', '레몬즙', '와사비', '참기름']",,샤브샤브 대신 즐길 수 있는 초간단 해물&채소찜은 다양한 해산물과 신선한 채소를 쪄서 먹는 건강한 요리입니다. 와사비 간장 소스를 곁들여 더욱 풍성하고 맛있게 즐길 수 있습니다.,"['1. 양조간장과 굴 농축액을 1:1 비율로 섞는다.', '2. 식초와 레몬즙을 1:1 비율로 섞는다.', '3. 와사비 1t 넣고 잘 섞는다.', '4. 참기름 1t 넣어 와사비 간장 소스를 완성한다.', '5. 애호박 5~6mm 두께로 썬다.', '6. 당근 3mm 두께로 썬다.', '7. 자색 양배추 2cm 길이로 썬다.', '8. 표고버섯 도톰하게 썬다.', '9. 깐 새우, 낙지 씻어 준비한다.', '10. 물 끓으면 찜기에 애호박, 당근, 양배추, 버섯 넣고 4분 찐다.', '11. 물 끓을 때 찜기에 표고버섯, 낙지 넣고 1분 30초 찐다.', '12. 접시에 담고 와사비 간장 소스를 곁들인다.']",해물&채소찜,7030475
"['메밀국수', '쪽파', '깻잎', '맛간장', '올리고당', '들기름', '들깻가루', '깨', '김가루']",,고소한 들깨가루와 쫄깃한 메밀국수의 조화가 일품인 들깨 막국수는 겨울철 별미입니다. 뜨끈한 국물에 면을 말아 먹으면 추위를 녹이고 속을 따뜻하게 해줍니다.,"['1. 쪽파, 깻잎 씻어 썰어 준비한다.', '2. 깨 으깨어 준비한다.', '3. 김 구워 부숴 준비한다.', '4. 끓는 물에 면을 넣고 끓이다가 찬물을 3번 넣어 끓인다.', '5. 면 건져 찬물에 헹군 후 얼음물에 헹궈 식초 3스푼 넣고 헹군다.', '6. 볼에 면, 맛간장, 들기름, 들깻가루, 꿀, 깨, 김가루, 쪽파 넣고 무친다.', '7. 접시에 면을 담고 남은 쪽파, 김가루, 깨, 깻잎을 올린다.']",들깨 막국수,7030474
"['닭가슴살', '한우 사골곰탕', '양파', '무', '새송이 버섯', '간장', '생강청', '연두', '매운 고춧가루', '파']",,닭가슴살과 사골곰탕을 넣어 끓인 닭육개장은 든든하고 시원한 국물이 특징입니다. 매콤한 양념과 푸짐한 건더기가 어우러져 땀 흘린 여름철에 더욱 맛있게 즐길 수 있습니다.,"['1. 닭가슴살 물에 끓여 씻는다.', '2. 냄비에 한우 사골곰탕 1봉지 넣고 끓인다.', '3. 양파, 무, 새송이 버섯 썰어 넣고 끓인다.', '4. 간장, 생강청, 연두, 매운 고춧가루, 파 넣고 끓인다.', '5. 야채가 익으면 닭가슴살 찢어 넣는다.', '6. 한우 사골곰탕 1봉지를 더 넣고 끓인다.']",닭육개장,7030473
